schemaVersion,suiteId,seed,caseId,exactDepth,algorithm,repetitionIndex,status,solutionDepth,solutionMoves,nodesExpanded,nodesGenerated,limitReason,elapsedMs
1,phase5c-timing-v1,phase5c-timing-v1,d1:C:14|X:0.0|Y:1.0|Z:1.1,1,BFS,0,SOLVED,1,B_CW,7,84,,1
1,phase5c-timing-v1,phase5c-timing-v1,d1:C:14|X:0.0|Y:1.0|Z:1.1,1,BIDIRECTIONAL_BFS,0,SOLVED,1,B_CW,1,12,,0
1,phase5c-timing-v1,phase5c-timing-v1,d1:C:14|X:0.0|Y:1.0|Z:1.1,1,IDA_STAR,0,SOLVED,1,B_CW,1,12,,0
1,phase5c-timing-v1,phase5c-timing-v1,d1:C:14|X:0.0|Y:1.0|Z:1.1,1,BIDIRECTIONAL_BFS,1,SOLVED,1,B_CW,1,12,,0
1,phase5c-timing-v1,phase5c-timing-v1,d1:C:14|X:0.0|Y:1.0|Z:1.1,1,IDA_STAR,1,SOLVED,1,B_CW,1,12,,0
1,phase5c-timing-v1,phase5c-timing-v1,d1:C:14|X:0.0|Y:1.0|Z:1.1,1,BFS,1,SOLVED,1,B_CW,7,84,,0
1,phase5c-timing-v1,phase5c-timing-v1,d1:C:14|X:0.0|Y:1.0|Z:1.1,1,IDA_STAR,2,SOLVED,1,B_CW,1,12,,0
1,phase5c-timing-v1,phase5c-timing-v1,d1:C:14|X:0.0|Y:1.0|Z:1.1,1,BFS,2,SOLVED,1,B_CW,7,84,,1
1,phase5c-timing-v1,phase5c-timing-v1,d1:C:14|X:0.0|Y:1.0|Z:1.1,1,BIDIRECTIONAL_BFS,2,SOLVED,1,B_CW,1,12,,0
1,phase5c-timing-v1,phase5c-timing-v1,d1:C:14|X:0.0|Y:1.0|Z:1.1,1,BFS,3,SOLVED,1,B_CW,7,84,,0
1,phase5c-timing-v1,phase5c-timing-v1,d1:C:14|X:0.0|Y:1.0|Z:1.1,1,BIDIRECTIONAL_BFS,3,SOLVED,1,B_CW,1,12,,0
1,phase5c-timing-v1,phase5c-timing-v1,d1:C:14|X:0.0|Y:1.0|Z:1.1,1,IDA_STAR,3,SOLVED,1,B_CW,1,12,,0
1,phase5c-timing-v1,phase5c-timing-v1,d1:C:14|X:0.0|Y:1.0|Z:1.1,1,BIDIRECTIONAL_BFS,4,SOLVED,1,B_CW,1,12,,0
1,phase5c-timing-v1,phase5c-timing-v1,d1:C:14|X:0.0|Y:1.0|Z:1.1,1,IDA_STAR,4,SOLVED,1,B_CW,1,12,,0
1,phase5c-timing-v1,phase5c-timing-v1,d1:C:14|X:0.0|Y:1.0|Z:1.1,1,BFS,4,SOLVED,1,B_CW,7,84,,0
1,phase5c-timing-v1,phase5c-timing-v1,d1:C:14|X:0.0|Y:1.0|Z:1.2,1,BIDIRECTIONAL_BFS,0,SOLVED,1,F_CW,1,12,,0
1,phase5c-timing-v1,phase5c-timing-v1,d1:C:14|X:0.0|Y:1.0|Z:1.2,1,IDA_STAR,0,SOLVED,1,F_CW,1,12,,1
1,phase5c-timing-v1,phase5c-timing-v1,d1:C:14|X:0.0|Y:1.0|Z:1.2,1,BFS,0,SOLVED,1,F_CW,5,60,,0
1,phase5c-timing-v1,phase5c-timing-v1,d1:C:14|X:0.0|Y:1.0|Z:1.2,1,IDA_STAR,1,SOLVED,1,F_CW,1,12,,0
1,phase5c-timing-v1,phase5c-timing-v1,d1:C:14|X:0.0|Y:1.0|Z:1.2,1,BFS,1,SOLVED,1,F_CW,5,60,,0
1,phase5c-timing-v1,phase5c-timing-v1,d1:C:14|X:0.0|Y:1.0|Z:1.2,1,BIDIRECTIONAL_BFS,1,SOLVED,1,F_CW,1,12,,0
1,phase5c-timing-v1,phase5c-timing-v1,d1:C:14|X:0.0|Y:1.0|Z:1.2,1,BFS,2,SOLVED,1,F_CW,5,60,,0
1,phase5c-timing-v1,phase5c-timing-v1,d1:C:14|X:0.0|Y:1.0|Z:1.2,1,BIDIRECTIONAL_BFS,2,SOLVED,1,F_CW,1,12,,0
1,phase5c-timing-v1,phase5c-timing-v1,d1:C:14|X:0.0|Y:1.0|Z:1.2,1,IDA_STAR,2,SOLVED,1,F_CW,1,12,,0
1,phase5c-timing-v1,phase5c-timing-v1,d1:C:14|X:0.0|Y:1.0|Z:1.2,1,BIDIRECTIONAL_BFS,3,SOLVED,1,F_CW,1,12,,1
1,phase5c-timing-v1,phase5c-timing-v1,d1:C:14|X:0.0|Y:1.0|Z:1.2,1,IDA_STAR,3,SOLVED,1,F_CW,1,12,,0
1,phase5c-timing-v1,phase5c-timing-v1,d1:C:14|X:0.0|Y:1.0|Z:1.2,1,BFS,3,SOLVED,1,F_CW,5,60,,0
1,phase5c-timing-v1,phase5c-timing-v1,d1:C:14|X:0.0|Y:1.0|Z:1.2,1,IDA_STAR,4,SOLVED,1,F_CW,1,12,,0
1,phase5c-timing-v1,phase5c-timing-v1,d1:C:14|X:0.0|Y:1.0|Z:1.2,1,BFS,4,SOLVED,1,F_CW,5,60,,0
1,phase5c-timing-v1,phase5c-timing-v1,d1:C:14|X:0.0|Y:1.0|Z:1.2,1,BIDIRECTIONAL_BFS,4,SOLVED,1,F_CW,1,12,,0
1,phase5c-timing-v1,phase5c-timing-v1,d1:C:14|X:0.0|Y:1.0|Z:3.2,1,IDA_STAR,0,SOLVED,1,B_CCW,1,12,,0
1,phase5c-timing-v1,phase5c-timing-v1,d1:C:14|X:0.0|Y:1.0|Z:3.2,1,BFS,0,SOLVED,1,B_CCW,8,96,,0
1,phase5c-timing-v1,phase5c-timing-v1,d1:C:14|X:0.0|Y:1.0|Z:3.2,1,BIDIRECTIONAL_BFS,0,SOLVED,1,B_CCW,1,12,,0
1,phase5c-timing-v1,phase5c-timing-v1,d1:C:14|X:0.0|Y:1.0|Z:3.2,1,BFS,1,SOLVED,1,B_CCW,8,96,,1
1,phase5c-timing-v1,phase5c-timing-v1,d1:C:14|X:0.0|Y:1.0|Z:3.2,1,BIDIRECTIONAL_BFS,1,SOLVED,1,B_CCW,1,12,,0
1,phase5c-timing-v1,phase5c-timing-v1,d1:C:14|X:0.0|Y:1.0|Z:3.2,1,IDA_STAR,1,SOLVED,1,B_CCW,1,12,,0
1,phase5c-timing-v1,phase5c-timing-v1,d1:C:14|X:0.0|Y:1.0|Z:3.2,1,BIDIRECTIONAL_BFS,2,SOLVED,1,B_CCW,1,12,,0
1,phase5c-timing-v1,phase5c-timing-v1,d1:C:14|X:0.0|Y:1.0|Z:3.2,1,IDA_STAR,2,SOLVED,1,B_CCW,1,12,,0
1,phase5c-timing-v1,phase5c-timing-v1,d1:C:14|X:0.0|Y:1.0|Z:3.2,1,BFS,2,SOLVED,1,B_CCW,8,96,,0
1,phase5c-timing-v1,phase5c-timing-v1,d1:C:14|X:0.0|Y:1.0|Z:3.2,1,IDA_STAR,3,SOLVED,1,B_CCW,1,12,,0
1,phase5c-timing-v1,phase5c-timing-v1,d1:C:14|X:0.0|Y:1.0|Z:3.2,1,BFS,3,SOLVED,1,B_CCW,8,96,,0
1,phase5c-timing-v1,phase5c-timing-v1,d1:C:14|X:0.0|Y:1.0|Z:3.2,1,BIDIRECTIONAL_BFS,3,SOLVED,1,B_CCW,1,12,,1
1,phase5c-timing-v1,phase5c-timing-v1,d1:C:14|X:0.0|Y:1.0|Z:3.2,1,BFS,4,SOLVED,1,B_CCW,8,96,,0
1,phase5c-timing-v1,phase5c-timing-v1,d1:C:14|X:0.0|Y:1.0|Z:3.2,1,BIDIRECTIONAL_BFS,4,SOLVED,1,B_CCW,1,12,,0
1,phase5c-timing-v1,phase5c-timing-v1,d1:C:14|X:0.0|Y:1.0|Z:3.2,1,IDA_STAR,4,SOLVED,1,B_CCW,1,12,,0
1,phase5c-timing-v1,phase5c-timing-v1,d1:C:21|X:1.2|Y:0.0|Z:3.0,1,BFS,0,SOLVED,1,R_CW,9,108,,0
1,phase5c-timing-v1,phase5c-timing-v1,d1:C:21|X:1.2|Y:0.0|Z:3.0,1,BIDIRECTIONAL_BFS,0,SOLVED,1,R_CW,1,12,,0
1,phase5c-timing-v1,phase5c-timing-v1,d1:C:21|X:1.2|Y:0.0|Z:3.0,1,IDA_STAR,0,SOLVED,1,R_CW,1,12,,0
1,phase5c-timing-v1,phase5c-timing-v1,d1:C:21|X:1.2|Y:0.0|Z:3.0,1,BIDIRECTIONAL_BFS,1,SOLVED,1,R_CW,1,12,,0
1,phase5c-timing-v1,phase5c-timing-v1,d1:C:21|X:1.2|Y:0.0|Z:3.0,1,IDA_STAR,1,SOLVED,1,R_CW,1,12,,0
1,phase5c-timing-v1,phase5c-timing-v1,d1:C:21|X:1.2|Y:0.0|Z:3.0,1,BFS,1,SOLVED,1,R_CW,9,108,,1
1,phase5c-timing-v1,phase5c-timing-v1,d1:C:21|X:1.2|Y:0.0|Z:3.0,1,IDA_STAR,2,SOLVED,1,R_CW,1,12,,0
1,phase5c-timing-v1,phase5c-timing-v1,d1:C:21|X:1.2|Y:0.0|Z:3.0,1,BFS,2,SOLVED,1,R_CW,9,108,,0
1,phase5c-timing-v1,phase5c-timing-v1,d1:C:21|X:1.2|Y:0.0|Z:3.0,1,BIDIRECTIONAL_BFS,2,SOLVED,1,R_CW,1,12,,0
1,phase5c-timing-v1,phase5c-timing-v1,d1:C:21|X:1.2|Y:0.0|Z:3.0,1,BFS,3,SOLVED,1,R_CW,9,108,,0
1,phase5c-timing-v1,phase5c-timing-v1,d1:C:21|X:1.2|Y:0.0|Z:3.0,1,BIDIRECTIONAL_BFS,3,SOLVED,1,R_CW,1,12,,0
1,phase5c-timing-v1,phase5c-timing-v1,d1:C:21|X:1.2|Y:0.0|Z:3.0,1,IDA_STAR,3,SOLVED,1,R_CW,1,12,,0
1,phase5c-timing-v1,phase5c-timing-v1,d1:C:21|X:1.2|Y:0.0|Z:3.0,1,BIDIRECTIONAL_BFS,4,SOLVED,1,R_CW,1,12,,1
1,phase5c-timing-v1,phase5c-timing-v1,d1:C:21|X:1.2|Y:0.0|Z:3.0,1,IDA_STAR,4,SOLVED,1,R_CW,1,12,,0
1,phase5c-timing-v1,phase5c-timing-v1,d1:C:21|X:1.2|Y:0.0|Z:3.0,1,BFS,4,SOLVED,1,R_CW,9,108,,0
1,phase5c-timing-v1,phase5c-timing-v1,d1:C:21|X:3.2|Y:0.0|Z:3.0,1,BIDIRECTIONAL_BFS,0,SOLVED,1,L_CCW,1,12,,0
1,phase5c-timing-v1,phase5c-timing-v1,d1:C:21|X:3.2|Y:0.0|Z:3.0,1,IDA_STAR,0,SOLVED,1,L_CCW,1,12,,0
1,phase5c-timing-v1,phase5c-timing-v1,d1:C:21|X:3.2|Y:0.0|Z:3.0,1,BFS,0,SOLVED,1,L_CCW,12,144,,0
1,phase5c-timing-v1,phase5c-timing-v1,d1:C:21|X:3.2|Y:0.0|Z:3.0,1,IDA_STAR,1,SOLVED,1,L_CCW,1,12,,0
1,phase5c-timing-v1,phase5c-timing-v1,d1:C:21|X:3.2|Y:0.0|Z:3.0,1,BFS,1,SOLVED,1,L_CCW,12,144,,0
1,phase5c-timing-v1,phase5c-timing-v1,d1:C:21|X:3.2|Y:0.0|Z:3.0,1,BIDIRECTIONAL_BFS,1,SOLVED,1,L_CCW,1,12,,0
1,phase5c-timing-v1,phase5c-timing-v1,d1:C:21|X:3.2|Y:0.0|Z:3.0,1,BFS,2,SOLVED,1,L_CCW,12,144,,1
1,phase5c-timing-v1,phase5c-timing-v1,d1:C:21|X:3.2|Y:0.0|Z:3.0,1,BIDIRECTIONAL_BFS,2,SOLVED,1,L_CCW,1,12,,0
1,phase5c-timing-v1,phase5c-timing-v1,d1:C:21|X:3.2|Y:0.0|Z:3.0,1,IDA_STAR,2,SOLVED,1,L_CCW,1,12,,0
1,phase5c-timing-v1,phase5c-timing-v1,d1:C:21|X:3.2|Y:0.0|Z:3.0,1,BIDIRECTIONAL_BFS,3,SOLVED,1,L_CCW,1,12,,0
1,phase5c-timing-v1,phase5c-timing-v1,d1:C:21|X:3.2|Y:0.0|Z:3.0,1,IDA_STAR,3,SOLVED,1,L_CCW,1,12,,0
1,phase5c-timing-v1,phase5c-timing-v1,d1:C:21|X:3.2|Y:0.0|Z:3.0,1,BFS,3,SOLVED,1,L_CCW,12,144,,0
1,phase5c-timing-v1,phase5c-timing-v1,d1:C:21|X:3.2|Y:0.0|Z:3.0,1,IDA_STAR,4,SOLVED,1,L_CCW,1,12,,0
1,phase5c-timing-v1,phase5c-timing-v1,d1:C:21|X:3.2|Y:0.0|Z:3.0,1,BFS,4,SOLVED,1,L_CCW,12,144,,1
1,phase5c-timing-v1,phase5c-timing-v1,d1:C:21|X:3.2|Y:0.0|Z:3.0,1,BIDIRECTIONAL_BFS,4,SOLVED,1,L_CCW,1,12,,0
1,phase5c-timing-v1,phase5c-timing-v1,d1:C:6|X:1.0|Y:3.1|Z:1.0,1,IDA_STAR,0,SOLVED,1,U_CCW,1,12,,0
1,phase5c-timing-v1,phase5c-timing-v1,d1:C:6|X:1.0|Y:3.1|Z:1.0,1,BFS,0,SOLVED,1,U_CCW,2,24,,1
1,phase5c-timing-v1,phase5c-timing-v1,d1:C:6|X:1.0|Y:3.1|Z:1.0,1,BIDIRECTIONAL_BFS,0,SOLVED,1,U_CCW,1,12,,0
1,phase5c-timing-v1,phase5c-timing-v1,d1:C:6|X:1.0|Y:3.1|Z:1.0,1,BFS,1,SOLVED,1,U_CCW,2,24,,0
1,phase5c-timing-v1,phase5c-timing-v1,d1:C:6|X:1.0|Y:3.1|Z:1.0,1,BIDIRECTIONAL_BFS,1,SOLVED,1,U_CCW,1,12,,5
1,phase5c-timing-v1,phase5c-timing-v1,d1:C:6|X:1.0|Y:3.1|Z:1.0,1,IDA_STAR,1,SOLVED,1,U_CCW,1,12,,0
1,phase5c-timing-v1,phase5c-timing-v1,d1:C:6|X:1.0|Y:3.1|Z:1.0,1,BIDIRECTIONAL_BFS,2,SOLVED,1,U_CCW,1,12,,1
1,phase5c-timing-v1,phase5c-timing-v1,d1:C:6|X:1.0|Y:3.1|Z:1.0,1,IDA_STAR,2,SOLVED,1,U_CCW,1,12,,1
1,phase5c-timing-v1,phase5c-timing-v1,d1:C:6|X:1.0|Y:3.1|Z:1.0,1,BFS,2,SOLVED,1,U_CCW,2,24,,0
1,phase5c-timing-v1,phase5c-timing-v1,d1:C:6|X:1.0|Y:3.1|Z:1.0,1,IDA_STAR,3,SOLVED,1,U_CCW,1,12,,0
1,phase5c-timing-v1,phase5c-timing-v1,d1:C:6|X:1.0|Y:3.1|Z:1.0,1,BFS,3,SOLVED,1,U_CCW,2,24,,1
1,phase5c-timing-v1,phase5c-timing-v1,d1:C:6|X:1.0|Y:3.1|Z:1.0,1,BIDIRECTIONAL_BFS,3,SOLVED,1,U_CCW,1,12,,0
1,phase5c-timing-v1,phase5c-timing-v1,d1:C:6|X:1.0|Y:3.1|Z:1.0,1,BFS,4,SOLVED,1,U_CCW,2,24,,1
1,phase5c-timing-v1,phase5c-timing-v1,d1:C:6|X:1.0|Y:3.1|Z:1.0,1,BIDIRECTIONAL_BFS,4,SOLVED,1,U_CCW,1,12,,1
1,phase5c-timing-v1,phase5c-timing-v1,d1:C:6|X:1.0|Y:3.1|Z:1.0,1,IDA_STAR,4,SOLVED,1,U_CCW,1,12,,0
1,phase5c-timing-v1,phase5c-timing-v1,d1:C:6|X:1.0|Y:1.1|Z:1.0,1,BFS,0,SOLVED,1,D_CW,3,36,,0
1,phase5c-timing-v1,phase5c-timing-v1,d1:C:6|X:1.0|Y:1.1|Z:1.0,1,BIDIRECTIONAL_BFS,0,SOLVED,1,D_CW,1,12,,0
1,phase5c-timing-v1,phase5c-timing-v1,d1:C:6|X:1.0|Y:1.1|Z:1.0,1,IDA_STAR,0,SOLVED,1,D_CW,1,12,,0
1,phase5c-timing-v1,phase5c-timing-v1,d1:C:6|X:1.0|Y:1.1|Z:1.0,1,BIDIRECTIONAL_BFS,1,SOLVED,1,D_CW,1,12,,0
1,phase5c-timing-v1,phase5c-timing-v1,d1:C:6|X:1.0|Y:1.1|Z:1.0,1,IDA_STAR,1,SOLVED,1,D_CW,1,12,,0
1,phase5c-timing-v1,phase5c-timing-v1,d1:C:6|X:1.0|Y:1.1|Z:1.0,1,BFS,1,SOLVED,1,D_CW,3,36,,1
1,phase5c-timing-v1,phase5c-timing-v1,d1:C:6|X:1.0|Y:1.1|Z:1.0,1,IDA_STAR,2,SOLVED,1,D_CW,1,12,,0
1,phase5c-timing-v1,phase5c-timing-v1,d1:C:6|X:1.0|Y:1.1|Z:1.0,1,BFS,2,SOLVED,1,D_CW,3,36,,0
1,phase5c-timing-v1,phase5c-timing-v1,d1:C:6|X:1.0|Y:1.1|Z:1.0,1,BIDIRECTIONAL_BFS,2,SOLVED,1,D_CW,1,12,,0
1,phase5c-timing-v1,phase5c-timing-v1,d1:C:6|X:1.0|Y:1.1|Z:1.0,1,BFS,3,SOLVED,1,D_CW,3,36,,0
1,phase5c-timing-v1,phase5c-timing-v1,d1:C:6|X:1.0|Y:1.1|Z:1.0,1,BIDIRECTIONAL_BFS,3,SOLVED,1,D_CW,1,12,,0
1,phase5c-timing-v1,phase5c-timing-v1,d1:C:6|X:1.0|Y:1.1|Z:1.0,1,IDA_STAR,3,SOLVED,1,D_CW,1,12,,0
1,phase5c-timing-v1,phase5c-timing-v1,d1:C:6|X:1.0|Y:1.1|Z:1.0,1,BIDIRECTIONAL_BFS,4,SOLVED,1,D_CW,1,12,,1
1,phase5c-timing-v1,phase5c-timing-v1,d1:C:6|X:1.0|Y:1.1|Z:1.0,1,IDA_STAR,4,SOLVED,1,D_CW,1,12,,0
1,phase5c-timing-v1,phase5c-timing-v1,d1:C:6|X:1.0|Y:1.1|Z:1.0,1,BFS,4,SOLVED,1,D_CW,3,36,,0
1,phase5c-timing-v1,phase5c-timing-v1,d1:C:14|X:0.0|Y:1.0|Z:3.1,1,BIDIRECTIONAL_BFS,0,SOLVED,1,F_CCW,1,12,,0
1,phase5c-timing-v1,phase5c-timing-v1,d1:C:14|X:0.0|Y:1.0|Z:3.1,1,IDA_STAR,0,SOLVED,1,F_CCW,1,12,,0
1,phase5c-timing-v1,phase5c-timing-v1,d1:C:14|X:0.0|Y:1.0|Z:3.1,1,BFS,0,SOLVED,1,F_CCW,6,72,,0
1,phase5c-timing-v1,phase5c-timing-v1,d1:C:14|X:0.0|Y:1.0|Z:3.1,1,IDA_STAR,1,SOLVED,1,F_CCW,1,12,,0
1,phase5c-timing-v1,phase5c-timing-v1,d1:C:14|X:0.0|Y:1.0|Z:3.1,1,BFS,1,SOLVED,1,F_CCW,6,72,,1
1,phase5c-timing-v1,phase5c-timing-v1,d1:C:14|X:0.0|Y:1.0|Z:3.1,1,BIDIRECTIONAL_BFS,1,SOLVED,1,F_CCW,1,12,,0
1,phase5c-timing-v1,phase5c-timing-v1,d1:C:14|X:0.0|Y:1.0|Z:3.1,1,BFS,2,SOLVED,1,F_CCW,6,72,,0
1,phase5c-timing-v1,phase5c-timing-v1,d1:C:14|X:0.0|Y:1.0|Z:3.1,1,BIDIRECTIONAL_BFS,2,SOLVED,1,F_CCW,1,12,,0
1,phase5c-timing-v1,phase5c-timing-v1,d1:C:14|X:0.0|Y:1.0|Z:3.1,1,IDA_STAR,2,SOLVED,1,F_CCW,1,12,,0
1,phase5c-timing-v1,phase5c-timing-v1,d1:C:14|X:0.0|Y:1.0|Z:3.1,1,BIDIRECTIONAL_BFS,3,SOLVED,1,F_CCW,1,12,,1
1,phase5c-timing-v1,phase5c-timing-v1,d1:C:14|X:0.0|Y:1.0|Z:3.1,1,IDA_STAR,3,SOLVED,1,F_CCW,1,12,,0
1,phase5c-timing-v1,phase5c-timing-v1,d1:C:14|X:0.0|Y:1.0|Z:3.1,1,BFS,3,SOLVED,1,F_CCW,6,72,,0
1,phase5c-timing-v1,phase5c-timing-v1,d1:C:14|X:0.0|Y:1.0|Z:3.1,1,IDA_STAR,4,SOLVED,1,F_CCW,1,12,,0
1,phase5c-timing-v1,phase5c-timing-v1,d1:C:14|X:0.0|Y:1.0|Z:3.1,1,BFS,4,SOLVED,1,F_CCW,6,72,,0
1,phase5c-timing-v1,phase5c-timing-v1,d1:C:14|X:0.0|Y:1.0|Z:3.1,1,BIDIRECTIONAL_BFS,4,SOLVED,1,F_CCW,1,12,,0
1,phase5c-timing-v1,phase5c-timing-v1,d2:C:0|X:0.0|Y:0.0|Z:2.1,2,IDA_STAR,0,SOLVED,2,F_CW F_CW,2,24,,0
1,phase5c-timing-v1,phase5c-timing-v1,d2:C:0|X:0.0|Y:0.0|Z:2.1,2,BFS,0,SOLVED,2,F_CW F_CW,54,648,,2
1,phase5c-timing-v1,phase5c-timing-v1,d2:C:0|X:0.0|Y:0.0|Z:2.1,2,BIDIRECTIONAL_BFS,0,SOLVED,2,F_CW F_CW,2,24,,0
1,phase5c-timing-v1,phase5c-timing-v1,d2:C:0|X:0.0|Y:0.0|Z:2.1,2,BFS,1,SOLVED,2,F_CW F_CW,54,648,,1
1,phase5c-timing-v1,phase5c-timing-v1,d2:C:0|X:0.0|Y:0.0|Z:2.1,2,BIDIRECTIONAL_BFS,1,SOLVED,2,F_CW F_CW,2,24,,0
1,phase5c-timing-v1,phase5c-timing-v1,d2:C:0|X:0.0|Y:0.0|Z:2.1,2,IDA_STAR,1,SOLVED,2,F_CW F_CW,2,24,,0
1,phase5c-timing-v1,phase5c-timing-v1,d2:C:0|X:0.0|Y:0.0|Z:2.1,2,BIDIRECTIONAL_BFS,2,SOLVED,2,F_CW F_CW,2,24,,0
1,phase5c-timing-v1,phase5c-timing-v1,d2:C:0|X:0.0|Y:0.0|Z:2.1,2,IDA_STAR,2,SOLVED,2,F_CW F_CW,2,24,,0
1,phase5c-timing-v1,phase5c-timing-v1,d2:C:0|X:0.0|Y:0.0|Z:2.1,2,BFS,2,SOLVED,2,F_CW F_CW,54,648,,2
1,phase5c-timing-v1,phase5c-timing-v1,d2:C:0|X:0.0|Y:0.0|Z:2.1,2,IDA_STAR,3,SOLVED,2,F_CW F_CW,2,24,,0
1,phase5c-timing-v1,phase5c-timing-v1,d2:C:0|X:0.0|Y:0.0|Z:2.1,2,BFS,3,SOLVED,2,F_CW F_CW,54,648,,0
1,phase5c-timing-v1,phase5c-timing-v1,d2:C:0|X:0.0|Y:0.0|Z:2.1,2,BIDIRECTIONAL_BFS,3,SOLVED,2,F_CW F_CW,2,24,,1
1,phase5c-timing-v1,phase5c-timing-v1,d2:C:0|X:0.0|Y:0.0|Z:2.1,2,BFS,4,SOLVED,2,F_CW F_CW,54,648,,0
1,phase5c-timing-v1,phase5c-timing-v1,d2:C:0|X:0.0|Y:0.0|Z:2.1,2,BIDIRECTIONAL_BFS,4,SOLVED,2,F_CW F_CW,2,24,,0
1,phase5c-timing-v1,phase5c-timing-v1,d2:C:0|X:0.0|Y:0.0|Z:2.1,2,IDA_STAR,4,SOLVED,2,F_CW F_CW,2,24,,0
1,phase5c-timing-v1,phase5c-timing-v1,d2:C:15|X:2.2|Y:1.0|Z:2.2,2,BFS,0,SOLVED,2,B_CCW R_CW,83,996,,1
1,phase5c-timing-v1,phase5c-timing-v1,d2:C:15|X:2.2|Y:1.0|Z:2.2,2,BIDIRECTIONAL_BFS,0,SOLVED,2,B_CCW R_CW,2,24,,0
1,phase5c-timing-v1,phase5c-timing-v1,d2:C:15|X:2.2|Y:1.0|Z:2.2,2,IDA_STAR,0,SOLVED,2,B_CCW R_CW,2,24,,1
1,phase5c-timing-v1,phase5c-timing-v1,d2:C:15|X:2.2|Y:1.0|Z:2.2,2,BIDIRECTIONAL_BFS,1,SOLVED,2,B_CCW R_CW,2,24,,0
1,phase5c-timing-v1,phase5c-timing-v1,d2:C:15|X:2.2|Y:1.0|Z:2.2,2,IDA_STAR,1,SOLVED,2,B_CCW R_CW,2,24,,0
1,phase5c-timing-v1,phase5c-timing-v1,d2:C:15|X:2.2|Y:1.0|Z:2.2,2,BFS,1,SOLVED,2,B_CCW R_CW,83,996,,1
1,phase5c-timing-v1,phase5c-timing-v1,d2:C:15|X:2.2|Y:1.0|Z:2.2,2,IDA_STAR,2,SOLVED,2,B_CCW R_CW,2,24,,0
1,phase5c-timing-v1,phase5c-timing-v1,d2:C:15|X:2.2|Y:1.0|Z:2.2,2,BFS,2,SOLVED,2,B_CCW R_CW,83,996,,1
1,phase5c-timing-v1,phase5c-timing-v1,d2:C:15|X:2.2|Y:1.0|Z:2.2,2,BIDIRECTIONAL_BFS,2,SOLVED,2,B_CCW R_CW,2,24,,0
1,phase5c-timing-v1,phase5c-timing-v1,d2:C:15|X:2.2|Y:1.0|Z:2.2,2,BFS,3,SOLVED,2,B_CCW R_CW,83,996,,1
1,phase5c-timing-v1,phase5c-timing-v1,d2:C:15|X:2.2|Y:1.0|Z:2.2,2,BIDIRECTIONAL_BFS,3,SOLVED,2,B_CCW R_CW,2,24,,1
1,phase5c-timing-v1,phase5c-timing-v1,d2:C:15|X:2.2|Y:1.0|Z:2.2,2,IDA_STAR,3,SOLVED,2,B_CCW R_CW,2,24,,0
1,phase5c-timing-v1,phase5c-timing-v1,d2:C:15|X:2.2|Y:1.0|Z:2.2,2,BIDIRECTIONAL_BFS,4,SOLVED,2,B_CCW R_CW,2,24,,0
1,phase5c-timing-v1,phase5c-timing-v1,d2:C:15|X:2.2|Y:1.0|Z:2.2,2,IDA_STAR,4,SOLVED,2,B_CCW R_CW,2,24,,1
1,phase5c-timing-v1,phase5c-timing-v1,d2:C:15|X:2.2|Y:1.0|Z:2.2,2,BFS,4,SOLVED,2,B_CCW R_CW,83,996,,1
1,phase5c-timing-v1,phase5c-timing-v1,d2:C:20|X:1.2|Y:2.0|Z:1.1,2,BIDIRECTIONAL_BFS,0,SOLVED,2,R_CW B_CW,2,24,,0
1,phase5c-timing-v1,phase5c-timing-v1,d2:C:20|X:1.2|Y:2.0|Z:1.1,2,IDA_STAR,0,SOLVED,2,R_CW B_CW,2,24,,0
1,phase5c-timing-v1,phase5c-timing-v1,d2:C:20|X:1.2|Y:2.0|Z:1.1,2,BFS,0,SOLVED,2,R_CW B_CW,93,1116,,1
1,phase5c-timing-v1,phase5c-timing-v1,d2:C:20|X:1.2|Y:2.0|Z:1.1,2,IDA_STAR,1,SOLVED,2,R_CW B_CW,2,24,,0
1,phase5c-timing-v1,phase5c-timing-v1,d2:C:20|X:1.2|Y:2.0|Z:1.1,2,BFS,1,SOLVED,2,R_CW B_CW,93,1116,,1
1,phase5c-timing-v1,phase5c-timing-v1,d2:C:20|X:1.2|Y:2.0|Z:1.1,2,BIDIRECTIONAL_BFS,1,SOLVED,2,R_CW B_CW,2,24,,0
1,phase5c-timing-v1,phase5c-timing-v1,d2:C:20|X:1.2|Y:2.0|Z:1.1,2,BFS,2,SOLVED,2,R_CW B_CW,93,1116,,1
1,phase5c-timing-v1,phase5c-timing-v1,d2:C:20|X:1.2|Y:2.0|Z:1.1,2,BIDIRECTIONAL_BFS,2,SOLVED,2,R_CW B_CW,2,24,,1
1,phase5c-timing-v1,phase5c-timing-v1,d2:C:20|X:1.2|Y:2.0|Z:1.1,2,IDA_STAR,2,SOLVED,2,R_CW B_CW,2,24,,0
1,phase5c-timing-v1,phase5c-timing-v1,d2:C:20|X:1.2|Y:2.0|Z:1.1,2,BIDIRECTIONAL_BFS,3,SOLVED,2,R_CW B_CW,2,24,,0
1,phase5c-timing-v1,phase5c-timing-v1,d2:C:20|X:1.2|Y:2.0|Z:1.1,2,IDA_STAR,3,SOLVED,2,R_CW B_CW,2,24,,0
1,phase5c-timing-v1,phase5c-timing-v1,d2:C:20|X:1.2|Y:2.0|Z:1.1,2,BFS,3,SOLVED,2,R_CW B_CW,93,1116,,1
1,phase5c-timing-v1,phase5c-timing-v1,d2:C:20|X:1.2|Y:2.0|Z:1.1,2,IDA_STAR,4,SOLVED,2,R_CW B_CW,2,24,,0
1,phase5c-timing-v1,phase5c-timing-v1,d2:C:20|X:1.2|Y:2.0|Z:1.1,2,BFS,4,SOLVED,2,R_CW B_CW,93,1116,,1
1,phase5c-timing-v1,phase5c-timing-v1,d2:C:20|X:1.2|Y:2.0|Z:1.1,2,BIDIRECTIONAL_BFS,4,SOLVED,2,R_CW B_CW,2,24,,0
1,phase5c-timing-v1,phase5c-timing-v1,d2:C:11|X:0.1|Y:3.1|Z:3.0,2,IDA_STAR,0,SOLVED,2,U_CCW L_CW,2,24,,0
1,phase5c-timing-v1,phase5c-timing-v1,d2:C:11|X:0.1|Y:3.1|Z:3.0,2,BFS,0,SOLVED,2,U_CCW L_CW,32,384,,1
1,phase5c-timing-v1,phase5c-timing-v1,d2:C:11|X:0.1|Y:3.1|Z:3.0,2,BIDIRECTIONAL_BFS,0,SOLVED,2,U_CCW L_CW,2,24,,0
1,phase5c-timing-v1,phase5c-timing-v1,d2:C:11|X:0.1|Y:3.1|Z:3.0,2,BFS,1,SOLVED,2,U_CCW L_CW,32,384,,1
1,phase5c-timing-v1,phase5c-timing-v1,d2:C:11|X:0.1|Y:3.1|Z:3.0,2,BIDIRECTIONAL_BFS,1,SOLVED,2,U_CCW L_CW,2,24,,0
1,phase5c-timing-v1,phase5c-timing-v1,d2:C:11|X:0.1|Y:3.1|Z:3.0,2,IDA_STAR,1,SOLVED,2,U_CCW L_CW,2,24,,0
1,phase5c-timing-v1,phase5c-timing-v1,d2:C:11|X:0.1|Y:3.1|Z:3.0,2,BIDIRECTIONAL_BFS,2,SOLVED,2,U_CCW L_CW,2,24,,0
1,phase5c-timing-v1,phase5c-timing-v1,d2:C:11|X:0.1|Y:3.1|Z:3.0,2,IDA_STAR,2,SOLVED,2,U_CCW L_CW,2,24,,0
1,phase5c-timing-v1,phase5c-timing-v1,d2:C:11|X:0.1|Y:3.1|Z:3.0,2,BFS,2,SOLVED,2,U_CCW L_CW,32,384,,1
1,phase5c-timing-v1,phase5c-timing-v1,d2:C:11|X:0.1|Y:3.1|Z:3.0,2,IDA_STAR,3,SOLVED,2,U_CCW L_CW,2,24,,0
1,phase5c-timing-v1,phase5c-timing-v1,d2:C:11|X:0.1|Y:3.1|Z:3.0,2,BFS,3,SOLVED,2,U_CCW L_CW,32,384,,1
1,phase5c-timing-v1,phase5c-timing-v1,d2:C:11|X:0.1|Y:3.1|Z:3.0,2,BIDIRECTIONAL_BFS,3,SOLVED,2,U_CCW L_CW,2,24,,0
1,phase5c-timing-v1,phase5c-timing-v1,d2:C:11|X:0.1|Y:3.1|Z:3.0,2,BFS,4,SOLVED,2,U_CCW L_CW,32,384,,1
1,phase5c-timing-v1,phase5c-timing-v1,d2:C:11|X:0.1|Y:3.1|Z:3.0,2,BIDIRECTIONAL_BFS,4,SOLVED,2,U_CCW L_CW,2,24,,0
1,phase5c-timing-v1,phase5c-timing-v1,d2:C:11|X:0.1|Y:3.1|Z:3.0,2,IDA_STAR,4,SOLVED,2,U_CCW L_CW,2,24,,0
1,phase5c-timing-v1,phase5c-timing-v1,d2:C:19|X:0.2|Y:2.1|Z:1.0,2,BFS,0,SOLVED,2,L_CCW D_CW,118,1416,,1
1,phase5c-timing-v1,phase5c-timing-v1,d2:C:19|X:0.2|Y:2.1|Z:1.0,2,BIDIRECTIONAL_BFS,0,SOLVED,2,L_CCW D_CW,2,24,,0
1,phase5c-timing-v1,phase5c-timing-v1,d2:C:19|X:0.2|Y:2.1|Z:1.0,2,IDA_STAR,0,SOLVED,2,L_CCW D_CW,2,24,,0
1,phase5c-timing-v1,phase5c-timing-v1,d2:C:19|X:0.2|Y:2.1|Z:1.0,2,BIDIRECTIONAL_BFS,1,SOLVED,2,L_CCW D_CW,2,24,,1
1,phase5c-timing-v1,phase5c-timing-v1,d2:C:19|X:0.2|Y:2.1|Z:1.0,2,IDA_STAR,1,SOLVED,2,L_CCW D_CW,2,24,,0
1,phase5c-timing-v1,phase5c-timing-v1,d2:C:19|X:0.2|Y:2.1|Z:1.0,2,BFS,1,SOLVED,2,L_CCW D_CW,118,1416,,1
1,phase5c-timing-v1,phase5c-timing-v1,d2:C:19|X:0.2|Y:2.1|Z:1.0,2,IDA_STAR,2,SOLVED,2,L_CCW D_CW,2,24,,0
1,phase5c-timing-v1,phase5c-timing-v1,d2:C:19|X:0.2|Y:2.1|Z:1.0,2,BFS,2,SOLVED,2,L_CCW D_CW,118,1416,,1
1,phase5c-timing-v1,phase5c-timing-v1,d2:C:19|X:0.2|Y:2.1|Z:1.0,2,BIDIRECTIONAL_BFS,2,SOLVED,2,L_CCW D_CW,2,24,,0
1,phase5c-timing-v1,phase5c-timing-v1,d2:C:19|X:0.2|Y:2.1|Z:1.0,2,BFS,3,SOLVED,2,L_CCW D_CW,118,1416,,2
1,phase5c-timing-v1,phase5c-timing-v1,d2:C:19|X:0.2|Y:2.1|Z:1.0,2,BIDIRECTIONAL_BFS,3,SOLVED,2,L_CCW D_CW,2,24,,0
1,phase5c-timing-v1,phase5c-timing-v1,d2:C:19|X:0.2|Y:2.1|Z:1.0,2,IDA_STAR,3,SOLVED,2,L_CCW D_CW,2,24,,0
1,phase5c-timing-v1,phase5c-timing-v1,d2:C:19|X:0.2|Y:2.1|Z:1.0,2,BIDIRECTIONAL_BFS,4,SOLVED,2,L_CCW D_CW,2,24,,0
1,phase5c-timing-v1,phase5c-timing-v1,d2:C:19|X:0.2|Y:2.1|Z:1.0,2,IDA_STAR,4,SOLVED,2,L_CCW D_CW,2,24,,0
1,phase5c-timing-v1,phase5c-timing-v1,d2:C:19|X:0.2|Y:2.1|Z:1.0,2,BFS,4,SOLVED,2,L_CCW D_CW,118,1416,,2
1,phase5c-timing-v1,phase5c-timing-v1,d2:C:0|X:2.2|Y:0.0|Z:0.0,2,BIDIRECTIONAL_BFS,0,SOLVED,2,L_CW L_CW,2,24,,0
1,phase5c-timing-v1,phase5c-timing-v1,d2:C:0|X:2.2|Y:0.0|Z:0.0,2,IDA_STAR,0,SOLVED,2,R_CCW R_CCW,2,24,,0
1,phase5c-timing-v1,phase5c-timing-v1,d2:C:0|X:2.2|Y:0.0|Z:0.0,2,BFS,0,SOLVED,2,R_CCW R_CCW,106,1272,,2
1,phase5c-timing-v1,phase5c-timing-v1,d2:C:0|X:2.2|Y:0.0|Z:0.0,2,IDA_STAR,1,SOLVED,2,R_CCW R_CCW,2,24,,0
1,phase5c-timing-v1,phase5c-timing-v1,d2:C:0|X:2.2|Y:0.0|Z:0.0,2,BFS,1,SOLVED,2,R_CCW R_CCW,106,1272,,1
1,phase5c-timing-v1,phase5c-timing-v1,d2:C:0|X:2.2|Y:0.0|Z:0.0,2,BIDIRECTIONAL_BFS,1,SOLVED,2,L_CW L_CW,2,24,,0
1,phase5c-timing-v1,phase5c-timing-v1,d2:C:0|X:2.2|Y:0.0|Z:0.0,2,BFS,2,SOLVED,2,R_CCW R_CCW,106,1272,,2
1,phase5c-timing-v1,phase5c-timing-v1,d2:C:0|X:2.2|Y:0.0|Z:0.0,2,BIDIRECTIONAL_BFS,2,SOLVED,2,L_CW L_CW,2,24,,0
1,phase5c-timing-v1,phase5c-timing-v1,d2:C:0|X:2.2|Y:0.0|Z:0.0,2,IDA_STAR,2,SOLVED,2,R_CCW R_CCW,2,24,,0
1,phase5c-timing-v1,phase5c-timing-v1,d2:C:0|X:2.2|Y:0.0|Z:0.0,2,BIDIRECTIONAL_BFS,3,SOLVED,2,L_CW L_CW,2,24,,0
1,phase5c-timing-v1,phase5c-timing-v1,d2:C:0|X:2.2|Y:0.0|Z:0.0,2,IDA_STAR,3,SOLVED,2,R_CCW R_CCW,2,24,,0
1,phase5c-timing-v1,phase5c-timing-v1,d2:C:0|X:2.2|Y:0.0|Z:0.0,2,BFS,3,SOLVED,2,R_CCW R_CCW,106,1272,,1
1,phase5c-timing-v1,phase5c-timing-v1,d2:C:0|X:2.2|Y:0.0|Z:0.0,2,IDA_STAR,4,SOLVED,2,R_CCW R_CCW,2,24,,0
1,phase5c-timing-v1,phase5c-timing-v1,d2:C:0|X:2.2|Y:0.0|Z:0.0,2,BFS,4,SOLVED,2,R_CCW R_CCW,106,1272,,1
1,phase5c-timing-v1,phase5c-timing-v1,d2:C:0|X:2.2|Y:0.0|Z:0.0,2,BIDIRECTIONAL_BFS,4,SOLVED,2,L_CW L_CW,2,24,,0
1,phase5c-timing-v1,phase5c-timing-v1,d2:C:19|X:0.1|Y:3.1|Z:1.0,2,IDA_STAR,0,SOLVED,2,R_CCW U_CCW,2,24,,1
1,phase5c-timing-v1,phase5c-timing-v1,d2:C:19|X:0.1|Y:3.1|Z:1.0,2,BFS,0,SOLVED,2,R_CCW U_CCW,99,1188,,1
1,phase5c-timing-v1,phase5c-timing-v1,d2:C:19|X:0.1|Y:3.1|Z:1.0,2,BIDIRECTIONAL_BFS,0,SOLVED,2,R_CCW U_CCW,2,24,,0
1,phase5c-timing-v1,phase5c-timing-v1,d2:C:19|X:0.1|Y:3.1|Z:1.0,2,BFS,1,SOLVED,2,R_CCW U_CCW,99,1188,,1
1,phase5c-timing-v1,phase5c-timing-v1,d2:C:19|X:0.1|Y:3.1|Z:1.0,2,BIDIRECTIONAL_BFS,1,SOLVED,2,R_CCW U_CCW,2,24,,0
1,phase5c-timing-v1,phase5c-timing-v1,d2:C:19|X:0.1|Y:3.1|Z:1.0,2,IDA_STAR,1,SOLVED,2,R_CCW U_CCW,2,24,,0
1,phase5c-timing-v1,phase5c-timing-v1,d2:C:19|X:0.1|Y:3.1|Z:1.0,2,BIDIRECTIONAL_BFS,2,SOLVED,2,R_CCW U_CCW,2,24,,1
1,phase5c-timing-v1,phase5c-timing-v1,d2:C:19|X:0.1|Y:3.1|Z:1.0,2,IDA_STAR,2,SOLVED,2,R_CCW U_CCW,2,24,,0
1,phase5c-timing-v1,phase5c-timing-v1,d2:C:19|X:0.1|Y:3.1|Z:1.0,2,BFS,2,SOLVED,2,R_CCW U_CCW,99,1188,,1
1,phase5c-timing-v1,phase5c-timing-v1,d2:C:19|X:0.1|Y:3.1|Z:1.0,2,IDA_STAR,3,SOLVED,2,R_CCW U_CCW,2,24,,0
1,phase5c-timing-v1,phase5c-timing-v1,d2:C:19|X:0.1|Y:3.1|Z:1.0,2,BFS,3,SOLVED,2,R_CCW U_CCW,99,1188,,1
1,phase5c-timing-v1,phase5c-timing-v1,d2:C:19|X:0.1|Y:3.1|Z:1.0,2,BIDIRECTIONAL_BFS,3,SOLVED,2,R_CCW U_CCW,2,24,,0
1,phase5c-timing-v1,phase5c-timing-v1,d2:C:19|X:0.1|Y:3.1|Z:1.0,2,BFS,4,SOLVED,2,R_CCW U_CCW,99,1188,,1
1,phase5c-timing-v1,phase5c-timing-v1,d2:C:19|X:0.1|Y:3.1|Z:1.0,2,BIDIRECTIONAL_BFS,4,SOLVED,2,R_CCW U_CCW,2,24,,0
1,phase5c-timing-v1,phase5c-timing-v1,d2:C:19|X:0.1|Y:3.1|Z:1.0,2,IDA_STAR,4,SOLVED,2,R_CCW U_CCW,2,24,,0
1,phase5c-timing-v1,phase5c-timing-v1,d2:C:11|X:3.1|Y:3.2|Z:3.0,2,BFS,0,SOLVED,2,D_CCW R_CCW,47,564,,1
1,phase5c-timing-v1,phase5c-timing-v1,d2:C:11|X:3.1|Y:3.2|Z:3.0,2,BIDIRECTIONAL_BFS,0,SOLVED,2,D_CCW R_CCW,2,24,,0
1,phase5c-timing-v1,phase5c-timing-v1,d2:C:11|X:3.1|Y:3.2|Z:3.0,2,IDA_STAR,0,SOLVED,2,D_CCW R_CCW,2,24,,0
1,phase5c-timing-v1,phase5c-timing-v1,d2:C:11|X:3.1|Y:3.2|Z:3.0,2,BIDIRECTIONAL_BFS,1,SOLVED,2,D_CCW R_CCW,2,24,,0
1,phase5c-timing-v1,phase5c-timing-v1,d2:C:11|X:3.1|Y:3.2|Z:3.0,2,IDA_STAR,1,SOLVED,2,D_CCW R_CCW,2,24,,0
1,phase5c-timing-v1,phase5c-timing-v1,d2:C:11|X:3.1|Y:3.2|Z:3.0,2,BFS,1,SOLVED,2,D_CCW R_CCW,47,564,,1
1,phase5c-timing-v1,phase5c-timing-v1,d2:C:11|X:3.1|Y:3.2|Z:3.0,2,IDA_STAR,2,SOLVED,2,D_CCW R_CCW,2,24,,0
1,phase5c-timing-v1,phase5c-timing-v1,d2:C:11|X:3.1|Y:3.2|Z:3.0,2,BFS,2,SOLVED,2,D_CCW R_CCW,47,564,,1
1,phase5c-timing-v1,phase5c-timing-v1,d2:C:11|X:3.1|Y:3.2|Z:3.0,2,BIDIRECTIONAL_BFS,2,SOLVED,2,D_CCW R_CCW,2,24,,0
1,phase5c-timing-v1,phase5c-timing-v1,d2:C:11|X:3.1|Y:3.2|Z:3.0,2,BFS,3,SOLVED,2,D_CCW R_CCW,47,564,,0
1,phase5c-timing-v1,phase5c-timing-v1,d2:C:11|X:3.1|Y:3.2|Z:3.0,2,BIDIRECTIONAL_BFS,3,SOLVED,2,D_CCW R_CCW,2,24,,0
1,phase5c-timing-v1,phase5c-timing-v1,d2:C:11|X:3.1|Y:3.2|Z:3.0,2,IDA_STAR,3,SOLVED,2,D_CCW R_CCW,2,24,,0
1,phase5c-timing-v1,phase5c-timing-v1,d2:C:11|X:3.1|Y:3.2|Z:3.0,2,BIDIRECTIONAL_BFS,4,SOLVED,2,D_CCW R_CCW,2,24,,1
1,phase5c-timing-v1,phase5c-timing-v1,d2:C:11|X:3.1|Y:3.2|Z:3.0,2,IDA_STAR,4,SOLVED,2,D_CCW R_CCW,2,24,,0
1,phase5c-timing-v1,phase5c-timing-v1,d2:C:11|X:3.1|Y:3.2|Z:3.0,2,BFS,4,SOLVED,2,D_CCW R_CCW,47,564,,0
1,phase5c-timing-v1,phase5c-timing-v1,d3:C:2|X:2.0|Y:0.2|Z:1.2,3,BIDIRECTIONAL_BFS,0,SOLVED,3,D_CW B_CCW U_CCW,14,168,,0
1,phase5c-timing-v1,phase5c-timing-v1,d3:C:2|X:2.0|Y:0.2|Z:1.2,3,IDA_STAR,0,SOLVED,3,D_CW B_CCW U_CCW,3,36,,1
1,phase5c-timing-v1,phase5c-timing-v1,d3:C:2|X:2.0|Y:0.2|Z:1.2,3,BFS,0,SOLVED,3,D_CW B_CCW U_CCW,337,4044,,3
1,phase5c-timing-v1,phase5c-timing-v1,d3:C:2|X:2.0|Y:0.2|Z:1.2,3,IDA_STAR,1,SOLVED,3,D_CW B_CCW U_CCW,3,36,,0
1,phase5c-timing-v1,phase5c-timing-v1,d3:C:2|X:2.0|Y:0.2|Z:1.2,3,BFS,1,SOLVED,3,D_CW B_CCW U_CCW,337,4044,,4
1,phase5c-timing-v1,phase5c-timing-v1,d3:C:2|X:2.0|Y:0.2|Z:1.2,3,BIDIRECTIONAL_BFS,1,SOLVED,3,D_CW B_CCW U_CCW,14,168,,0
1,phase5c-timing-v1,phase5c-timing-v1,d3:C:2|X:2.0|Y:0.2|Z:1.2,3,BFS,2,SOLVED,3,D_CW B_CCW U_CCW,337,4044,,4
1,phase5c-timing-v1,phase5c-timing-v1,d3:C:2|X:2.0|Y:0.2|Z:1.2,3,BIDIRECTIONAL_BFS,2,SOLVED,3,D_CW B_CCW U_CCW,14,168,,0
1,phase5c-timing-v1,phase5c-timing-v1,d3:C:2|X:2.0|Y:0.2|Z:1.2,3,IDA_STAR,2,SOLVED,3,D_CW B_CCW U_CCW,3,36,,0
1,phase5c-timing-v1,phase5c-timing-v1,d3:C:2|X:2.0|Y:0.2|Z:1.2,3,BIDIRECTIONAL_BFS,3,SOLVED,3,D_CW B_CCW U_CCW,14,168,,1
1,phase5c-timing-v1,phase5c-timing-v1,d3:C:2|X:2.0|Y:0.2|Z:1.2,3,IDA_STAR,3,SOLVED,3,D_CW B_CCW U_CCW,3,36,,0
1,phase5c-timing-v1,phase5c-timing-v1,d3:C:2|X:2.0|Y:0.2|Z:1.2,3,BFS,3,SOLVED,3,D_CW B_CCW U_CCW,337,4044,,3
1,phase5c-timing-v1,phase5c-timing-v1,d3:C:2|X:2.0|Y:0.2|Z:1.2,3,IDA_STAR,4,SOLVED,3,D_CW B_CCW U_CCW,3,36,,0
1,phase5c-timing-v1,phase5c-timing-v1,d3:C:2|X:2.0|Y:0.2|Z:1.2,3,BFS,4,SOLVED,3,D_CW B_CCW U_CCW,337,4044,,4
1,phase5c-timing-v1,phase5c-timing-v1,d3:C:2|X:2.0|Y:0.2|Z:1.2,3,BIDIRECTIONAL_BFS,4,SOLVED,3,D_CW B_CCW U_CCW,14,168,,1
1,phase5c-timing-v1,phase5c-timing-v1,d3:C:2|X:2.0|Y:3.0|Z:1.2,3,IDA_STAR,0,SOLVED,3,U_CCW B_CCW U_CW,3,36,,0
1,phase5c-timing-v1,phase5c-timing-v1,d3:C:2|X:2.0|Y:3.0|Z:1.2,3,BFS,0,SOLVED,3,U_CCW B_CCW U_CW,269,3228,,3
1,phase5c-timing-v1,phase5c-timing-v1,d3:C:2|X:2.0|Y:3.0|Z:1.2,3,BIDIRECTIONAL_BFS,0,SOLVED,3,D_CCW B_CCW D_CW,14,168,,0
1,phase5c-timing-v1,phase5c-timing-v1,d3:C:2|X:2.0|Y:3.0|Z:1.2,3,BFS,1,SOLVED,3,U_CCW B_CCW U_CW,269,3228,,5
1,phase5c-timing-v1,phase5c-timing-v1,d3:C:2|X:2.0|Y:3.0|Z:1.2,3,BIDIRECTIONAL_BFS,1,SOLVED,3,D_CCW B_CCW D_CW,14,168,,0
1,phase5c-timing-v1,phase5c-timing-v1,d3:C:2|X:2.0|Y:3.0|Z:1.2,3,IDA_STAR,1,SOLVED,3,U_CCW B_CCW U_CW,3,36,,0
1,phase5c-timing-v1,phase5c-timing-v1,d3:C:2|X:2.0|Y:3.0|Z:1.2,3,BIDIRECTIONAL_BFS,2,SOLVED,3,D_CCW B_CCW D_CW,14,168,,0
1,phase5c-timing-v1,phase5c-timing-v1,d3:C:2|X:2.0|Y:3.0|Z:1.2,3,IDA_STAR,2,SOLVED,3,U_CCW B_CCW U_CW,3,36,,0
1,phase5c-timing-v1,phase5c-timing-v1,d3:C:2|X:2.0|Y:3.0|Z:1.2,3,BFS,2,SOLVED,3,U_CCW B_CCW U_CW,269,3228,,3
1,phase5c-timing-v1,phase5c-timing-v1,d3:C:2|X:2.0|Y:3.0|Z:1.2,3,IDA_STAR,3,SOLVED,3,U_CCW B_CCW U_CW,3,36,,0
1,phase5c-timing-v1,phase5c-timing-v1,d3:C:2|X:2.0|Y:3.0|Z:1.2,3,BFS,3,SOLVED,3,U_CCW B_CCW U_CW,269,3228,,4
1,phase5c-timing-v1,phase5c-timing-v1,d3:C:2|X:2.0|Y:3.0|Z:1.2,3,BIDIRECTIONAL_BFS,3,SOLVED,3,D_CCW B_CCW D_CW,14,168,,0
1,phase5c-timing-v1,phase5c-timing-v1,d3:C:2|X:2.0|Y:3.0|Z:1.2,3,BFS,4,SOLVED,3,U_CCW B_CCW U_CW,269,3228,,3
1,phase5c-timing-v1,phase5c-timing-v1,d3:C:2|X:2.0|Y:3.0|Z:1.2,3,BIDIRECTIONAL_BFS,4,SOLVED,3,D_CCW B_CCW D_CW,14,168,,0
1,phase5c-timing-v1,phase5c-timing-v1,d3:C:2|X:2.0|Y:3.0|Z:1.2,3,IDA_STAR,4,SOLVED,3,U_CCW B_CCW U_CW,3,36,,0
1,phase5c-timing-v1,phase5c-timing-v1,d3:C:14|X:0.2|Y:1.0|Z:3.1,3,BFS,0,SOLVED,3,F_CCW R_CCW L_CW,583,6996,,7
1,phase5c-timing-v1,phase5c-timing-v1,d3:C:14|X:0.2|Y:1.0|Z:3.1,3,BIDIRECTIONAL_BFS,0,SOLVED,3,R_CCW L_CW F_CCW,14,168,,0
1,phase5c-timing-v1,phase5c-timing-v1,d3:C:14|X:0.2|Y:1.0|Z:3.1,3,IDA_STAR,0,SOLVED,3,F_CCW R_CCW L_CW,3,36,,0
1,phase5c-timing-v1,phase5c-timing-v1,d3:C:14|X:0.2|Y:1.0|Z:3.1,3,BIDIRECTIONAL_BFS,1,SOLVED,3,R_CCW L_CW F_CCW,14,168,,0
1,phase5c-timing-v1,phase5c-timing-v1,d3:C:14|X:0.2|Y:1.0|Z:3.1,3,IDA_STAR,1,SOLVED,3,F_CCW R_CCW L_CW,3,36,,0
1,phase5c-timing-v1,phase5c-timing-v1,d3:C:14|X:0.2|Y:1.0|Z:3.1,3,BFS,1,SOLVED,3,F_CCW R_CCW L_CW,583,6996,,7
1,phase5c-timing-v1,phase5c-timing-v1,d3:C:14|X:0.2|Y:1.0|Z:3.1,3,IDA_STAR,2,SOLVED,3,F_CCW R_CCW L_CW,3,36,,0
1,phase5c-timing-v1,phase5c-timing-v1,d3:C:14|X:0.2|Y:1.0|Z:3.1,3,BFS,2,SOLVED,3,F_CCW R_CCW L_CW,583,6996,,10
1,phase5c-timing-v1,phase5c-timing-v1,d3:C:14|X:0.2|Y:1.0|Z:3.1,3,BIDIRECTIONAL_BFS,2,SOLVED,3,R_CCW L_CW F_CCW,14,168,,0
1,phase5c-timing-v1,phase5c-timing-v1,d3:C:14|X:0.2|Y:1.0|Z:3.1,3,BFS,3,SOLVED,3,F_CCW R_CCW L_CW,583,6996,,7
1,phase5c-timing-v1,phase5c-timing-v1,d3:C:14|X:0.2|Y:1.0|Z:3.1,3,BIDIRECTIONAL_BFS,3,SOLVED,3,R_CCW L_CW F_CCW,14,168,,1
1,phase5c-timing-v1,phase5c-timing-v1,d3:C:14|X:0.2|Y:1.0|Z:3.1,3,IDA_STAR,3,SOLVED,3,F_CCW R_CCW L_CW,3,36,,0
1,phase5c-timing-v1,phase5c-timing-v1,d3:C:14|X:0.2|Y:1.0|Z:3.1,3,BIDIRECTIONAL_BFS,4,SOLVED,3,R_CCW L_CW F_CCW,14,168,,0
1,phase5c-timing-v1,phase5c-timing-v1,d3:C:14|X:0.2|Y:1.0|Z:3.1,3,IDA_STAR,4,SOLVED,3,F_CCW R_CCW L_CW,3,36,,0
1,phase5c-timing-v1,phase5c-timing-v1,d3:C:14|X:0.2|Y:1.0|Z:3.1,3,BFS,4,SOLVED,3,F_CCW R_CCW L_CW,583,6996,,6
1,phase5c-timing-v1,phase5c-timing-v1,d3:C:9|X:2.2|Y:0.2|Z:1.2,3,BIDIRECTIONAL_BFS,0,SOLVED,3,D_CCW F_CW R_CW,14,168,,1
1,phase5c-timing-v1,phase5c-timing-v1,d3:C:9|X:2.2|Y:0.2|Z:1.2,3,IDA_STAR,0,SOLVED,3,D_CCW F_CW R_CW,3,36,,0
1,phase5c-timing-v1,phase5c-timing-v1,d3:C:9|X:2.2|Y:0.2|Z:1.2,3,BFS,0,SOLVED,3,D_CCW F_CW R_CW,377,4524,,4
1,phase5c-timing-v1,phase5c-timing-v1,d3:C:9|X:2.2|Y:0.2|Z:1.2,3,IDA_STAR,1,SOLVED,3,D_CCW F_CW R_CW,3,36,,0
1,phase5c-timing-v1,phase5c-timing-v1,d3:C:9|X:2.2|Y:0.2|Z:1.2,3,BFS,1,SOLVED,3,D_CCW F_CW R_CW,377,4524,,4
1,phase5c-timing-v1,phase5c-timing-v1,d3:C:9|X:2.2|Y:0.2|Z:1.2,3,BIDIRECTIONAL_BFS,1,SOLVED,3,D_CCW F_CW R_CW,14,168,,1
1,phase5c-timing-v1,phase5c-timing-v1,d3:C:9|X:2.2|Y:0.2|Z:1.2,3,BFS,2,SOLVED,3,D_CCW F_CW R_CW,377,4524,,5
1,phase5c-timing-v1,phase5c-timing-v1,d3:C:9|X:2.2|Y:0.2|Z:1.2,3,BIDIRECTIONAL_BFS,2,SOLVED,3,D_CCW F_CW R_CW,14,168,,0
1,phase5c-timing-v1,phase5c-timing-v1,d3:C:9|X:2.2|Y:0.2|Z:1.2,3,IDA_STAR,2,SOLVED,3,D_CCW F_CW R_CW,3,36,,0
1,phase5c-timing-v1,phase5c-timing-v1,d3:C:9|X:2.2|Y:0.2|Z:1.2,3,BIDIRECTIONAL_BFS,3,SOLVED,3,D_CCW F_CW R_CW,14,168,,1
1,phase5c-timing-v1,phase5c-timing-v1,d3:C:9|X:2.2|Y:0.2|Z:1.2,3,IDA_STAR,3,SOLVED,3,D_CCW F_CW R_CW,3,36,,0
1,phase5c-timing-v1,phase5c-timing-v1,d3:C:9|X:2.2|Y:0.2|Z:1.2,3,BFS,3,SOLVED,3,D_CCW F_CW R_CW,377,4524,,4
1,phase5c-timing-v1,phase5c-timing-v1,d3:C:9|X:2.2|Y:0.2|Z:1.2,3,IDA_STAR,4,SOLVED,3,D_CCW F_CW R_CW,3,36,,0
1,phase5c-timing-v1,phase5c-timing-v1,d3:C:9|X:2.2|Y:0.2|Z:1.2,3,BFS,4,SOLVED,3,D_CCW F_CW R_CW,377,4524,,4
1,phase5c-timing-v1,phase5c-timing-v1,d3:C:9|X:2.2|Y:0.2|Z:1.2,3,BIDIRECTIONAL_BFS,4,SOLVED,3,D_CCW F_CW R_CW,14,168,,0
1,phase5c-timing-v1,phase5c-timing-v1,d3:C:5|X:2.1|Y:1.0|Z:0.0,3,IDA_STAR,0,SOLVED,3,U_CCW L_CW U_CW,3,36,,0
1,phase5c-timing-v1,phase5c-timing-v1,d3:C:5|X:2.1|Y:1.0|Z:0.0,3,BFS,0,SOLVED,3,U_CCW L_CW U_CW,298,3576,,4
1,phase5c-timing-v1,phase5c-timing-v1,d3:C:5|X:2.1|Y:1.0|Z:0.0,3,BIDIRECTIONAL_BFS,0,SOLVED,3,D_CCW L_CW D_CW,14,168,,0
1,phase5c-timing-v1,phase5c-timing-v1,d3:C:5|X:2.1|Y:1.0|Z:0.0,3,BFS,1,SOLVED,3,U_CCW L_CW U_CW,298,3576,,3
1,phase5c-timing-v1,phase5c-timing-v1,d3:C:5|X:2.1|Y:1.0|Z:0.0,3,BIDIRECTIONAL_BFS,1,SOLVED,3,D_CCW L_CW D_CW,14,168,,0
1,phase5c-timing-v1,phase5c-timing-v1,d3:C:5|X:2.1|Y:1.0|Z:0.0,3,IDA_STAR,1,SOLVED,3,U_CCW L_CW U_CW,3,36,,1
1,phase5c-timing-v1,phase5c-timing-v1,d3:C:5|X:2.1|Y:1.0|Z:0.0,3,BIDIRECTIONAL_BFS,2,SOLVED,3,D_CCW L_CW D_CW,14,168,,0
1,phase5c-timing-v1,phase5c-timing-v1,d3:C:5|X:2.1|Y:1.0|Z:0.0,3,IDA_STAR,2,SOLVED,3,U_CCW L_CW U_CW,3,36,,0
1,phase5c-timing-v1,phase5c-timing-v1,d3:C:5|X:2.1|Y:1.0|Z:0.0,3,BFS,2,SOLVED,3,U_CCW L_CW U_CW,298,3576,,3
1,phase5c-timing-v1,phase5c-timing-v1,d3:C:5|X:2.1|Y:1.0|Z:0.0,3,IDA_STAR,3,SOLVED,3,U_CCW L_CW U_CW,3,36,,0
1,phase5c-timing-v1,phase5c-timing-v1,d3:C:5|X:2.1|Y:1.0|Z:0.0,3,BFS,3,SOLVED,3,U_CCW L_CW U_CW,298,3576,,3
1,phase5c-timing-v1,phase5c-timing-v1,d3:C:5|X:2.1|Y:1.0|Z:0.0,3,BIDIRECTIONAL_BFS,3,SOLVED,3,D_CCW L_CW D_CW,14,168,,1
1,phase5c-timing-v1,phase5c-timing-v1,d3:C:5|X:2.1|Y:1.0|Z:0.0,3,BFS,4,SOLVED,3,U_CCW L_CW U_CW,298,3576,,3
1,phase5c-timing-v1,phase5c-timing-v1,d3:C:5|X:2.1|Y:1.0|Z:0.0,3,BIDIRECTIONAL_BFS,4,SOLVED,3,D_CCW L_CW D_CW,14,168,,0
1,phase5c-timing-v1,phase5c-timing-v1,d3:C:5|X:2.1|Y:1.0|Z:0.0,3,IDA_STAR,4,SOLVED,3,U_CCW L_CW U_CW,3,36,,0
1,phase5c-timing-v1,phase5c-timing-v1,d3:C:2|X:2.0|Y:2.2|Z:1.0,3,BFS,0,SOLVED,3,F_CW U_CW B_CW,433,5196,,5
1,phase5c-timing-v1,phase5c-timing-v1,d3:C:2|X:2.0|Y:2.2|Z:1.0,3,BIDIRECTIONAL_BFS,0,SOLVED,3,F_CW U_CW B_CW,14,168,,0
1,phase5c-timing-v1,phase5c-timing-v1,d3:C:2|X:2.0|Y:2.2|Z:1.0,3,IDA_STAR,0,SOLVED,3,F_CW U_CW B_CW,3,36,,0
1,phase5c-timing-v1,phase5c-timing-v1,d3:C:2|X:2.0|Y:2.2|Z:1.0,3,BIDIRECTIONAL_BFS,1,SOLVED,3,F_CW U_CW B_CW,14,168,,1
1,phase5c-timing-v1,phase5c-timing-v1,d3:C:2|X:2.0|Y:2.2|Z:1.0,3,IDA_STAR,1,SOLVED,3,F_CW U_CW B_CW,3,36,,0
1,phase5c-timing-v1,phase5c-timing-v1,d3:C:2|X:2.0|Y:2.2|Z:1.0,3,BFS,1,SOLVED,3,F_CW U_CW B_CW,433,5196,,5
1,phase5c-timing-v1,phase5c-timing-v1,d3:C:2|X:2.0|Y:2.2|Z:1.0,3,IDA_STAR,2,SOLVED,3,F_CW U_CW B_CW,3,36,,0
1,phase5c-timing-v1,phase5c-timing-v1,d3:C:2|X:2.0|Y:2.2|Z:1.0,3,BFS,2,SOLVED,3,F_CW U_CW B_CW,433,5196,,4
1,phase5c-timing-v1,phase5c-timing-v1,d3:C:2|X:2.0|Y:2.2|Z:1.0,3,BIDIRECTIONAL_BFS,2,SOLVED,3,F_CW U_CW B_CW,14,168,,0
1,phase5c-timing-v1,phase5c-timing-v1,d3:C:2|X:2.0|Y:2.2|Z:1.0,3,BFS,3,SOLVED,3,F_CW U_CW B_CW,433,5196,,5
1,phase5c-timing-v1,phase5c-timing-v1,d3:C:2|X:2.0|Y:2.2|Z:1.0,3,BIDIRECTIONAL_BFS,3,SOLVED,3,F_CW U_CW B_CW,14,168,,1
1,phase5c-timing-v1,phase5c-timing-v1,d3:C:2|X:2.0|Y:2.2|Z:1.0,3,IDA_STAR,3,SOLVED,3,F_CW U_CW B_CW,3,36,,0
1,phase5c-timing-v1,phase5c-timing-v1,d3:C:2|X:2.0|Y:2.2|Z:1.0,3,BIDIRECTIONAL_BFS,4,SOLVED,3,F_CW U_CW B_CW,14,168,,0
1,phase5c-timing-v1,phase5c-timing-v1,d3:C:2|X:2.0|Y:2.2|Z:1.0,3,IDA_STAR,4,SOLVED,3,F_CW U_CW B_CW,3,36,,0
1,phase5c-timing-v1,phase5c-timing-v1,d3:C:2|X:2.0|Y:2.2|Z:1.0,3,BFS,4,SOLVED,3,F_CW U_CW B_CW,433,5196,,5
1,phase5c-timing-v1,phase5c-timing-v1,d3:C:21|X:3.1|Y:0.0|Z:2.2,3,BIDIRECTIONAL_BFS,0,SOLVED,3,R_CCW B_CW B_CW,14,168,,0
1,phase5c-timing-v1,phase5c-timing-v1,d3:C:21|X:3.1|Y:0.0|Z:2.2,3,IDA_STAR,0,SOLVED,3,R_CCW F_CCW F_CCW,3,36,,0
1,phase5c-timing-v1,phase5c-timing-v1,d3:C:21|X:3.1|Y:0.0|Z:2.2,3,BFS,0,SOLVED,3,R_CCW F_CCW F_CCW,828,9936,,9
1,phase5c-timing-v1,phase5c-timing-v1,d3:C:21|X:3.1|Y:0.0|Z:2.2,3,IDA_STAR,1,SOLVED,3,R_CCW F_CCW F_CCW,3,36,,0
1,phase5c-timing-v1,phase5c-timing-v1,d3:C:21|X:3.1|Y:0.0|Z:2.2,3,BFS,1,SOLVED,3,R_CCW F_CCW F_CCW,828,9936,,9
1,phase5c-timing-v1,phase5c-timing-v1,d3:C:21|X:3.1|Y:0.0|Z:2.2,3,BIDIRECTIONAL_BFS,1,SOLVED,3,R_CCW B_CW B_CW,14,168,,0
1,phase5c-timing-v1,phase5c-timing-v1,d3:C:21|X:3.1|Y:0.0|Z:2.2,3,BFS,2,SOLVED,3,R_CCW F_CCW F_CCW,828,9936,,9
1,phase5c-timing-v1,phase5c-timing-v1,d3:C:21|X:3.1|Y:0.0|Z:2.2,3,BIDIRECTIONAL_BFS,2,SOLVED,3,R_CCW B_CW B_CW,14,168,,0
1,phase5c-timing-v1,phase5c-timing-v1,d3:C:21|X:3.1|Y:0.0|Z:2.2,3,IDA_STAR,2,SOLVED,3,R_CCW F_CCW F_CCW,3,36,,0
1,phase5c-timing-v1,phase5c-timing-v1,d3:C:21|X:3.1|Y:0.0|Z:2.2,3,BIDIRECTIONAL_BFS,3,SOLVED,3,R_CCW B_CW B_CW,14,168,,1
1,phase5c-timing-v1,phase5c-timing-v1,d3:C:21|X:3.1|Y:0.0|Z:2.2,3,IDA_STAR,3,SOLVED,3,R_CCW F_CCW F_CCW,3,36,,0
1,phase5c-timing-v1,phase5c-timing-v1,d3:C:21|X:3.1|Y:0.0|Z:2.2,3,BFS,3,SOLVED,3,R_CCW F_CCW F_CCW,828,9936,,9
1,phase5c-timing-v1,phase5c-timing-v1,d3:C:21|X:3.1|Y:0.0|Z:2.2,3,IDA_STAR,4,SOLVED,3,R_CCW F_CCW F_CCW,3,36,,0
1,phase5c-timing-v1,phase5c-timing-v1,d3:C:21|X:3.1|Y:0.0|Z:2.2,3,BFS,4,SOLVED,3,R_CCW F_CCW F_CCW,828,9936,,9
1,phase5c-timing-v1,phase5c-timing-v1,d3:C:21|X:3.1|Y:0.0|Z:2.2,3,BIDIRECTIONAL_BFS,4,SOLVED,3,R_CCW B_CW B_CW,14,168,,0
1,phase5c-timing-v1,phase5c-timing-v1,d3:C:14|X:0.1|Y:1.0|Z:3.1,3,IDA_STAR,0,SOLVED,3,F_CCW R_CW L_CCW,3,36,,0
1,phase5c-timing-v1,phase5c-timing-v1,d3:C:14|X:0.1|Y:1.0|Z:3.1,3,BFS,0,SOLVED,3,F_CCW R_CW L_CCW,573,6876,,6
1,phase5c-timing-v1,phase5c-timing-v1,d3:C:14|X:0.1|Y:1.0|Z:3.1,3,BIDIRECTIONAL_BFS,0,SOLVED,3,R_CW L_CCW F_CCW,14,168,,0
1,phase5c-timing-v1,phase5c-timing-v1,d3:C:14|X:0.1|Y:1.0|Z:3.1,3,BFS,1,SOLVED,3,F_CCW R_CW L_CCW,573,6876,,6
1,phase5c-timing-v1,phase5c-timing-v1,d3:C:14|X:0.1|Y:1.0|Z:3.1,3,BIDIRECTIONAL_BFS,1,SOLVED,3,R_CW L_CCW F_CCW,14,168,,0
1,phase5c-timing-v1,phase5c-timing-v1,d3:C:14|X:0.1|Y:1.0|Z:3.1,3,IDA_STAR,1,SOLVED,3,F_CCW R_CW L_CCW,3,36,,1
1,phase5c-timing-v1,phase5c-timing-v1,d3:C:14|X:0.1|Y:1.0|Z:3.1,3,BIDIRECTIONAL_BFS,2,SOLVED,3,R_CW L_CCW F_CCW,14,168,,0
1,phase5c-timing-v1,phase5c-timing-v1,d3:C:14|X:0.1|Y:1.0|Z:3.1,3,IDA_STAR,2,SOLVED,3,F_CCW R_CW L_CCW,3,36,,1
1,phase5c-timing-v1,phase5c-timing-v1,d3:C:14|X:0.1|Y:1.0|Z:3.1,3,BFS,2,SOLVED,3,F_CCW R_CW L_CCW,573,6876,,6
1,phase5c-timing-v1,phase5c-timing-v1,d3:C:14|X:0.1|Y:1.0|Z:3.1,3,IDA_STAR,3,SOLVED,3,F_CCW R_CW L_CCW,3,36,,0
1,phase5c-timing-v1,phase5c-timing-v1,d3:C:14|X:0.1|Y:1.0|Z:3.1,3,BFS,3,SOLVED,3,F_CCW R_CW L_CCW,573,6876,,6
1,phase5c-timing-v1,phase5c-timing-v1,d3:C:14|X:0.1|Y:1.0|Z:3.1,3,BIDIRECTIONAL_BFS,3,SOLVED,3,R_CW L_CCW F_CCW,14,168,,0
1,phase5c-timing-v1,phase5c-timing-v1,d3:C:14|X:0.1|Y:1.0|Z:3.1,3,BFS,4,SOLVED,3,F_CCW R_CW L_CCW,573,6876,,6
1,phase5c-timing-v1,phase5c-timing-v1,d3:C:14|X:0.1|Y:1.0|Z:3.1,3,BIDIRECTIONAL_BFS,4,SOLVED,3,R_CW L_CCW F_CCW,14,168,,1
1,phase5c-timing-v1,phase5c-timing-v1,d3:C:14|X:0.1|Y:1.0|Z:3.1,3,IDA_STAR,4,SOLVED,3,F_CCW R_CW L_CCW,3,36,,0
1,phase5c-timing-v1,phase5c-timing-v1,d4:C:15|X:3.2|Y:2.0|Z:2.2,4,BFS,0,SOLVED,4,B_CCW U_CW D_CW L_CCW,3898,46776,,42
1,phase5c-timing-v1,phase5c-timing-v1,d4:C:15|X:3.2|Y:2.0|Z:2.2,4,BIDIRECTIONAL_BFS,0,SOLVED,4,B_CCW U_CW D_CW L_CCW,26,312,,0
1,phase5c-timing-v1,phase5c-timing-v1,d4:C:15|X:3.2|Y:2.0|Z:2.2,4,IDA_STAR,0,SOLVED,4,B_CCW U_CW D_CW L_CCW,4,48,,0
1,phase5c-timing-v1,phase5c-timing-v1,d4:C:15|X:3.2|Y:2.0|Z:2.2,4,BIDIRECTIONAL_BFS,1,SOLVED,4,B_CCW U_CW D_CW L_CCW,26,312,,0
1,phase5c-timing-v1,phase5c-timing-v1,d4:C:15|X:3.2|Y:2.0|Z:2.2,4,IDA_STAR,1,SOLVED,4,B_CCW U_CW D_CW L_CCW,4,48,,1
1,phase5c-timing-v1,phase5c-timing-v1,d4:C:15|X:3.2|Y:2.0|Z:2.2,4,BFS,1,SOLVED,4,B_CCW U_CW D_CW L_CCW,3898,46776,,42
1,phase5c-timing-v1,phase5c-timing-v1,d4:C:15|X:3.2|Y:2.0|Z:2.2,4,IDA_STAR,2,SOLVED,4,B_CCW U_CW D_CW L_CCW,4,48,,0
1,phase5c-timing-v1,phase5c-timing-v1,d4:C:15|X:3.2|Y:2.0|Z:2.2,4,BFS,2,SOLVED,4,B_CCW U_CW D_CW L_CCW,3898,46776,,42
1,phase5c-timing-v1,phase5c-timing-v1,d4:C:15|X:3.2|Y:2.0|Z:2.2,4,BIDIRECTIONAL_BFS,2,SOLVED,4,B_CCW U_CW D_CW L_CCW,26,312,,0
1,phase5c-timing-v1,phase5c-timing-v1,d4:C:15|X:3.2|Y:2.0|Z:2.2,4,BFS,3,SOLVED,4,B_CCW U_CW D_CW L_CCW,3898,46776,,41
1,phase5c-timing-v1,phase5c-timing-v1,d4:C:15|X:3.2|Y:2.0|Z:2.2,4,BIDIRECTIONAL_BFS,3,SOLVED,4,B_CCW U_CW D_CW L_CCW,26,312,,0
1,phase5c-timing-v1,phase5c-timing-v1,d4:C:15|X:3.2|Y:2.0|Z:2.2,4,IDA_STAR,3,SOLVED,4,B_CCW U_CW D_CW L_CCW,4,48,,0
1,phase5c-timing-v1,phase5c-timing-v1,d4:C:15|X:3.2|Y:2.0|Z:2.2,4,BIDIRECTIONAL_BFS,4,SOLVED,4,B_CCW U_CW D_CW L_CCW,26,312,,1
1,phase5c-timing-v1,phase5c-timing-v1,d4:C:15|X:3.2|Y:2.0|Z:2.2,4,IDA_STAR,4,SOLVED,4,B_CCW U_CW D_CW L_CCW,4,48,,0
1,phase5c-timing-v1,phase5c-timing-v1,d4:C:15|X:3.2|Y:2.0|Z:2.2,4,BFS,4,SOLVED,4,B_CCW U_CW D_CW L_CCW,3898,46776,,41
1,phase5c-timing-v1,phase5c-timing-v1,d4:C:15|X:1.0|Y:1.0|Z:0.2,4,BIDIRECTIONAL_BFS,0,SOLVED,4,R_CCW R_CCW F_CW R_CCW,26,312,,1
1,phase5c-timing-v1,phase5c-timing-v1,d4:C:15|X:1.0|Y:1.0|Z:0.2,4,IDA_STAR,0,SOLVED,4,R_CW R_CW F_CW L_CCW,4,48,,0
1,phase5c-timing-v1,phase5c-timing-v1,d4:C:15|X:1.0|Y:1.0|Z:0.2,4,BFS,0,SOLVED,4,R_CW R_CW F_CW L_CCW,4319,51828,,45
1,phase5c-timing-v1,phase5c-timing-v1,d4:C:15|X:1.0|Y:1.0|Z:0.2,4,IDA_STAR,1,SOLVED,4,R_CW R_CW F_CW L_CCW,4,48,,0
1,phase5c-timing-v1,phase5c-timing-v1,d4:C:15|X:1.0|Y:1.0|Z:0.2,4,BFS,1,SOLVED,4,R_CW R_CW F_CW L_CCW,4319,51828,,46
1,phase5c-timing-v1,phase5c-timing-v1,d4:C:15|X:1.0|Y:1.0|Z:0.2,4,BIDIRECTIONAL_BFS,1,SOLVED,4,R_CCW R_CCW F_CW R_CCW,26,312,,1
1,phase5c-timing-v1,phase5c-timing-v1,d4:C:15|X:1.0|Y:1.0|Z:0.2,4,BFS,2,SOLVED,4,R_CW R_CW F_CW L_CCW,4319,51828,,45
1,phase5c-timing-v1,phase5c-timing-v1,d4:C:15|X:1.0|Y:1.0|Z:0.2,4,BIDIRECTIONAL_BFS,2,SOLVED,4,R_CCW R_CCW F_CW R_CCW,26,312,,0
1,phase5c-timing-v1,phase5c-timing-v1,d4:C:15|X:1.0|Y:1.0|Z:0.2,4,IDA_STAR,2,SOLVED,4,R_CW R_CW F_CW L_CCW,4,48,,0
1,phase5c-timing-v1,phase5c-timing-v1,d4:C:15|X:1.0|Y:1.0|Z:0.2,4,BIDIRECTIONAL_BFS,3,SOLVED,4,R_CCW R_CCW F_CW R_CCW,26,312,,1
1,phase5c-timing-v1,phase5c-timing-v1,d4:C:15|X:1.0|Y:1.0|Z:0.2,4,IDA_STAR,3,SOLVED,4,R_CW R_CW F_CW L_CCW,4,48,,0
1,phase5c-timing-v1,phase5c-timing-v1,d4:C:15|X:1.0|Y:1.0|Z:0.2,4,BFS,3,SOLVED,4,R_CW R_CW F_CW L_CCW,4319,51828,,48
1,phase5c-timing-v1,phase5c-timing-v1,d4:C:15|X:1.0|Y:1.0|Z:0.2,4,IDA_STAR,4,SOLVED,4,R_CW R_CW F_CW L_CCW,4,48,,0
1,phase5c-timing-v1,phase5c-timing-v1,d4:C:15|X:1.0|Y:1.0|Z:0.2,4,BFS,4,SOLVED,4,R_CW R_CW F_CW L_CCW,4319,51828,,46
1,phase5c-timing-v1,phase5c-timing-v1,d4:C:15|X:1.0|Y:1.0|Z:0.2,4,BIDIRECTIONAL_BFS,4,SOLVED,4,R_CCW R_CCW F_CW R_CCW,26,312,,0
1,phase5c-timing-v1,phase5c-timing-v1,d4:C:11|X:0.1|Y:1.2|Z:1.1,4,IDA_STAR,0,SOLVED,4,F_CW F_CW U_CW L_CW,4,48,,0
1,phase5c-timing-v1,phase5c-timing-v1,d4:C:11|X:0.1|Y:1.2|Z:1.1,4,BFS,0,SOLVED,4,F_CW F_CW U_CW L_CW,3049,36588,,32
1,phase5c-timing-v1,phase5c-timing-v1,d4:C:11|X:0.1|Y:1.2|Z:1.1,4,BIDIRECTIONAL_BFS,0,SOLVED,4,F_CW F_CW U_CW L_CW,26,312,,1
1,phase5c-timing-v1,phase5c-timing-v1,d4:C:11|X:0.1|Y:1.2|Z:1.1,4,BFS,1,SOLVED,4,F_CW F_CW U_CW L_CW,3049,36588,,32
1,phase5c-timing-v1,phase5c-timing-v1,d4:C:11|X:0.1|Y:1.2|Z:1.1,4,BIDIRECTIONAL_BFS,1,SOLVED,4,F_CW F_CW U_CW L_CW,26,312,,0
1,phase5c-timing-v1,phase5c-timing-v1,d4:C:11|X:0.1|Y:1.2|Z:1.1,4,IDA_STAR,1,SOLVED,4,F_CW F_CW U_CW L_CW,4,48,,0
1,phase5c-timing-v1,phase5c-timing-v1,d4:C:11|X:0.1|Y:1.2|Z:1.1,4,BIDIRECTIONAL_BFS,2,SOLVED,4,F_CW F_CW U_CW L_CW,26,312,,1
1,phase5c-timing-v1,phase5c-timing-v1,d4:C:11|X:0.1|Y:1.2|Z:1.1,4,IDA_STAR,2,SOLVED,4,F_CW F_CW U_CW L_CW,4,48,,0
1,phase5c-timing-v1,phase5c-timing-v1,d4:C:11|X:0.1|Y:1.2|Z:1.1,4,BFS,2,SOLVED,4,F_CW F_CW U_CW L_CW,3049,36588,,33
1,phase5c-timing-v1,phase5c-timing-v1,d4:C:11|X:0.1|Y:1.2|Z:1.1,4,IDA_STAR,3,SOLVED,4,F_CW F_CW U_CW L_CW,4,48,,0
1,phase5c-timing-v1,phase5c-timing-v1,d4:C:11|X:0.1|Y:1.2|Z:1.1,4,BFS,3,SOLVED,4,F_CW F_CW U_CW L_CW,3049,36588,,32
1,phase5c-timing-v1,phase5c-timing-v1,d4:C:11|X:0.1|Y:1.2|Z:1.1,4,BIDIRECTIONAL_BFS,3,SOLVED,4,F_CW F_CW U_CW L_CW,26,312,,0
1,phase5c-timing-v1,phase5c-timing-v1,d4:C:11|X:0.1|Y:1.2|Z:1.1,4,BFS,4,SOLVED,4,F_CW F_CW U_CW L_CW,3049,36588,,33
1,phase5c-timing-v1,phase5c-timing-v1,d4:C:11|X:0.1|Y:1.2|Z:1.1,4,BIDIRECTIONAL_BFS,4,SOLVED,4,F_CW F_CW U_CW L_CW,26,312,,0
1,phase5c-timing-v1,phase5c-timing-v1,d4:C:11|X:0.1|Y:1.2|Z:1.1,4,IDA_STAR,4,SOLVED,4,F_CW F_CW U_CW L_CW,4,48,,0
1,phase5c-timing-v1,phase5c-timing-v1,d4:C:8|X:1.0|Y:3.0|Z:1.1,4,BFS,0,SOLVED,4,B_CCW U_CCW F_CW U_CW,3919,47028,,45
1,phase5c-timing-v1,phase5c-timing-v1,d4:C:8|X:1.0|Y:3.0|Z:1.1,4,BIDIRECTIONAL_BFS,0,SOLVED,4,B_CCW D_CCW F_CW D_CW,26,312,,0
1,phase5c-timing-v1,phase5c-timing-v1,d4:C:8|X:1.0|Y:3.0|Z:1.1,4,IDA_STAR,0,SOLVED,4,B_CCW U_CCW F_CW U_CW,4,48,,0
1,phase5c-timing-v1,phase5c-timing-v1,d4:C:8|X:1.0|Y:3.0|Z:1.1,4,BIDIRECTIONAL_BFS,1,SOLVED,4,B_CCW D_CCW F_CW D_CW,26,312,,1
1,phase5c-timing-v1,phase5c-timing-v1,d4:C:8|X:1.0|Y:3.0|Z:1.1,4,IDA_STAR,1,SOLVED,4,B_CCW U_CCW F_CW U_CW,4,48,,0
1,phase5c-timing-v1,phase5c-timing-v1,d4:C:8|X:1.0|Y:3.0|Z:1.1,4,BFS,1,SOLVED,4,B_CCW U_CCW F_CW U_CW,3919,47028,,42
1,phase5c-timing-v1,phase5c-timing-v1,d4:C:8|X:1.0|Y:3.0|Z:1.1,4,IDA_STAR,2,SOLVED,4,B_CCW U_CCW F_CW U_CW,4,48,,0
1,phase5c-timing-v1,phase5c-timing-v1,d4:C:8|X:1.0|Y:3.0|Z:1.1,4,BFS,2,SOLVED,4,B_CCW U_CCW F_CW U_CW,3919,47028,,41
1,phase5c-timing-v1,phase5c-timing-v1,d4:C:8|X:1.0|Y:3.0|Z:1.1,4,BIDIRECTIONAL_BFS,2,SOLVED,4,B_CCW D_CCW F_CW D_CW,26,312,,1
1,phase5c-timing-v1,phase5c-timing-v1,d4:C:8|X:1.0|Y:3.0|Z:1.1,4,BFS,3,SOLVED,4,B_CCW U_CCW F_CW U_CW,3919,47028,,41
1,phase5c-timing-v1,phase5c-timing-v1,d4:C:8|X:1.0|Y:3.0|Z:1.1,4,BIDIRECTIONAL_BFS,3,SOLVED,4,B_CCW D_CCW F_CW D_CW,26,312,,0
1,phase5c-timing-v1,phase5c-timing-v1,d4:C:8|X:1.0|Y:3.0|Z:1.1,4,IDA_STAR,3,SOLVED,4,B_CCW U_CCW F_CW U_CW,4,48,,0
1,phase5c-timing-v1,phase5c-timing-v1,d4:C:8|X:1.0|Y:3.0|Z:1.1,4,BIDIRECTIONAL_BFS,4,SOLVED,4,B_CCW D_CCW F_CW D_CW,26,312,,1
1,phase5c-timing-v1,phase5c-timing-v1,d4:C:8|X:1.0|Y:3.0|Z:1.1,4,IDA_STAR,4,SOLVED,4,B_CCW U_CCW F_CW U_CW,4,48,,0
1,phase5c-timing-v1,phase5c-timing-v1,d4:C:8|X:1.0|Y:3.0|Z:1.1,4,BFS,4,SOLVED,4,B_CCW U_CCW F_CW U_CW,3919,47028,,41
1,phase5c-timing-v1,phase5c-timing-v1,d4:C:3|X:3.0|Y:1.2|Z:1.1,4,BIDIRECTIONAL_BFS,0,SOLVED,4,R_CW U_CW B_CW L_CW,26,312,,1
1,phase5c-timing-v1,phase5c-timing-v1,d4:C:3|X:3.0|Y:1.2|Z:1.1,4,IDA_STAR,0,SOLVED,4,R_CW U_CW B_CW L_CW,4,48,,0
1,phase5c-timing-v1,phase5c-timing-v1,d4:C:3|X:3.0|Y:1.2|Z:1.1,4,BFS,0,SOLVED,4,R_CW U_CW B_CW L_CW,4080,48960,,43
1,phase5c-timing-v1,phase5c-timing-v1,d4:C:3|X:3.0|Y:1.2|Z:1.1,4,IDA_STAR,1,SOLVED,4,R_CW U_CW B_CW L_CW,4,48,,0
1,phase5c-timing-v1,phase5c-timing-v1,d4:C:3|X:3.0|Y:1.2|Z:1.1,4,BFS,1,SOLVED,4,R_CW U_CW B_CW L_CW,4080,48960,,46
1,phase5c-timing-v1,phase5c-timing-v1,d4:C:3|X:3.0|Y:1.2|Z:1.1,4,BIDIRECTIONAL_BFS,1,SOLVED,4,R_CW U_CW B_CW L_CW,26,312,,1
1,phase5c-timing-v1,phase5c-timing-v1,d4:C:3|X:3.0|Y:1.2|Z:1.1,4,BFS,2,SOLVED,4,R_CW U_CW B_CW L_CW,4080,48960,,45
1,phase5c-timing-v1,phase5c-timing-v1,d4:C:3|X:3.0|Y:1.2|Z:1.1,4,BIDIRECTIONAL_BFS,2,SOLVED,4,R_CW U_CW B_CW L_CW,26,312,,0
1,phase5c-timing-v1,phase5c-timing-v1,d4:C:3|X:3.0|Y:1.2|Z:1.1,4,IDA_STAR,2,SOLVED,4,R_CW U_CW B_CW L_CW,4,48,,0
1,phase5c-timing-v1,phase5c-timing-v1,d4:C:3|X:3.0|Y:1.2|Z:1.1,4,BIDIRECTIONAL_BFS,3,SOLVED,4,R_CW U_CW B_CW L_CW,26,312,,1
1,phase5c-timing-v1,phase5c-timing-v1,d4:C:3|X:3.0|Y:1.2|Z:1.1,4,IDA_STAR,3,SOLVED,4,R_CW U_CW B_CW L_CW,4,48,,0
1,phase5c-timing-v1,phase5c-timing-v1,d4:C:3|X:3.0|Y:1.2|Z:1.1,4,BFS,3,SOLVED,4,R_CW U_CW B_CW L_CW,4080,48960,,43
1,phase5c-timing-v1,phase5c-timing-v1,d4:C:3|X:3.0|Y:1.2|Z:1.1,4,IDA_STAR,4,SOLVED,4,R_CW U_CW B_CW L_CW,4,48,,0
1,phase5c-timing-v1,phase5c-timing-v1,d4:C:3|X:3.0|Y:1.2|Z:1.1,4,BFS,4,SOLVED,4,R_CW U_CW B_CW L_CW,4080,48960,,43
1,phase5c-timing-v1,phase5c-timing-v1,d4:C:3|X:3.0|Y:1.2|Z:1.1,4,BIDIRECTIONAL_BFS,4,SOLVED,4,R_CW U_CW B_CW L_CW,26,312,,0
1,phase5c-timing-v1,phase5c-timing-v1,d4:C:16|X:3.0|Y:2.2|Z:3.1,4,IDA_STAR,0,SOLVED,4,F_CCW R_CCW U_CW R_CW,4,48,,0
1,phase5c-timing-v1,phase5c-timing-v1,d4:C:16|X:3.0|Y:2.2|Z:3.1,4,BFS,0,SOLVED,4,F_CCW R_CCW U_CW R_CW,3634,43608,,39
1,phase5c-timing-v1,phase5c-timing-v1,d4:C:16|X:3.0|Y:2.2|Z:3.1,4,BIDIRECTIONAL_BFS,0,SOLVED,4,F_CCW L_CCW U_CW L_CW,26,312,,0
1,phase5c-timing-v1,phase5c-timing-v1,d4:C:16|X:3.0|Y:2.2|Z:3.1,4,BFS,1,SOLVED,4,F_CCW R_CCW U_CW R_CW,3634,43608,,38
1,phase5c-timing-v1,phase5c-timing-v1,d4:C:16|X:3.0|Y:2.2|Z:3.1,4,BIDIRECTIONAL_BFS,1,SOLVED,4,F_CCW L_CCW U_CW L_CW,26,312,,1
1,phase5c-timing-v1,phase5c-timing-v1,d4:C:16|X:3.0|Y:2.2|Z:3.1,4,IDA_STAR,1,SOLVED,4,F_CCW R_CCW U_CW R_CW,4,48,,0
1,phase5c-timing-v1,phase5c-timing-v1,d4:C:16|X:3.0|Y:2.2|Z:3.1,4,BIDIRECTIONAL_BFS,2,SOLVED,4,F_CCW L_CCW U_CW L_CW,26,312,,0
1,phase5c-timing-v1,phase5c-timing-v1,d4:C:16|X:3.0|Y:2.2|Z:3.1,4,IDA_STAR,2,SOLVED,4,F_CCW R_CCW U_CW R_CW,4,48,,0
1,phase5c-timing-v1,phase5c-timing-v1,d4:C:16|X:3.0|Y:2.2|Z:3.1,4,BFS,2,SOLVED,4,F_CCW R_CCW U_CW R_CW,3634,43608,,41
1,phase5c-timing-v1,phase5c-timing-v1,d4:C:16|X:3.0|Y:2.2|Z:3.1,4,IDA_STAR,3,SOLVED,4,F_CCW R_CCW U_CW R_CW,4,48,,0
1,phase5c-timing-v1,phase5c-timing-v1,d4:C:16|X:3.0|Y:2.2|Z:3.1,4,BFS,3,SOLVED,4,F_CCW R_CCW U_CW R_CW,3634,43608,,39
1,phase5c-timing-v1,phase5c-timing-v1,d4:C:16|X:3.0|Y:2.2|Z:3.1,4,BIDIRECTIONAL_BFS,3,SOLVED,4,F_CCW L_CCW U_CW L_CW,26,312,,0
1,phase5c-timing-v1,phase5c-timing-v1,d4:C:16|X:3.0|Y:2.2|Z:3.1,4,BFS,4,SOLVED,4,F_CCW R_CCW U_CW R_CW,3634,43608,,38
1,phase5c-timing-v1,phase5c-timing-v1,d4:C:16|X:3.0|Y:2.2|Z:3.1,4,BIDIRECTIONAL_BFS,4,SOLVED,4,F_CCW L_CCW U_CW L_CW,26,312,,1
1,phase5c-timing-v1,phase5c-timing-v1,d4:C:16|X:3.0|Y:2.2|Z:3.1,4,IDA_STAR,4,SOLVED,4,F_CCW R_CCW U_CW R_CW,4,48,,0
1,phase5c-timing-v1,phase5c-timing-v1,d4:C:3|X:0.2|Y:3.0|Z:2.2,4,BFS,0,SOLVED,4,U_CW F_CW R_CW D_CW,1207,14484,,13
1,phase5c-timing-v1,phase5c-timing-v1,d4:C:3|X:0.2|Y:3.0|Z:2.2,4,BIDIRECTIONAL_BFS,0,SOLVED,4,U_CW F_CW R_CW D_CW,26,312,,0
1,phase5c-timing-v1,phase5c-timing-v1,d4:C:3|X:0.2|Y:3.0|Z:2.2,4,IDA_STAR,0,SOLVED,4,U_CW F_CW R_CW D_CW,4,48,,0
1,phase5c-timing-v1,phase5c-timing-v1,d4:C:3|X:0.2|Y:3.0|Z:2.2,4,BIDIRECTIONAL_BFS,1,SOLVED,4,U_CW F_CW R_CW D_CW,26,312,,1
1,phase5c-timing-v1,phase5c-timing-v1,d4:C:3|X:0.2|Y:3.0|Z:2.2,4,IDA_STAR,1,SOLVED,4,U_CW F_CW R_CW D_CW,4,48,,0
1,phase5c-timing-v1,phase5c-timing-v1,d4:C:3|X:0.2|Y:3.0|Z:2.2,4,BFS,1,SOLVED,4,U_CW F_CW R_CW D_CW,1207,14484,,13
1,phase5c-timing-v1,phase5c-timing-v1,d4:C:3|X:0.2|Y:3.0|Z:2.2,4,IDA_STAR,2,SOLVED,4,U_CW F_CW R_CW D_CW,4,48,,0
1,phase5c-timing-v1,phase5c-timing-v1,d4:C:3|X:0.2|Y:3.0|Z:2.2,4,BFS,2,SOLVED,4,U_CW F_CW R_CW D_CW,1207,14484,,13
1,phase5c-timing-v1,phase5c-timing-v1,d4:C:3|X:0.2|Y:3.0|Z:2.2,4,BIDIRECTIONAL_BFS,2,SOLVED,4,U_CW F_CW R_CW D_CW,26,312,,0
1,phase5c-timing-v1,phase5c-timing-v1,d4:C:3|X:0.2|Y:3.0|Z:2.2,4,BFS,3,SOLVED,4,U_CW F_CW R_CW D_CW,1207,14484,,13
1,phase5c-timing-v1,phase5c-timing-v1,d4:C:3|X:0.2|Y:3.0|Z:2.2,4,BIDIRECTIONAL_BFS,3,SOLVED,4,U_CW F_CW R_CW D_CW,26,312,,0
1,phase5c-timing-v1,phase5c-timing-v1,d4:C:3|X:0.2|Y:3.0|Z:2.2,4,IDA_STAR,3,SOLVED,4,U_CW F_CW R_CW D_CW,4,48,,0
1,phase5c-timing-v1,phase5c-timing-v1,d4:C:3|X:0.2|Y:3.0|Z:2.2,4,BIDIRECTIONAL_BFS,4,SOLVED,4,U_CW F_CW R_CW D_CW,26,312,,0
1,phase5c-timing-v1,phase5c-timing-v1,d4:C:3|X:0.2|Y:3.0|Z:2.2,4,IDA_STAR,4,SOLVED,4,U_CW F_CW R_CW D_CW,4,48,,0
1,phase5c-timing-v1,phase5c-timing-v1,d4:C:3|X:0.2|Y:3.0|Z:2.2,4,BFS,4,SOLVED,4,U_CW F_CW R_CW D_CW,1207,14484,,13
1,phase5c-timing-v1,phase5c-timing-v1,d4:C:3|X:1.2|Y:3.2|Z:2.1,4,BIDIRECTIONAL_BFS,0,SOLVED,4,D_CW B_CW L_CCW D_CW,26,312,,1
1,phase5c-timing-v1,phase5c-timing-v1,d4:C:3|X:1.2|Y:3.2|Z:2.1,4,IDA_STAR,0,SOLVED,4,D_CW B_CW L_CCW D_CW,4,48,,0
1,phase5c-timing-v1,phase5c-timing-v1,d4:C:3|X:1.2|Y:3.2|Z:2.1,4,BFS,0,SOLVED,4,D_CW B_CW L_CCW D_CW,2392,28704,,25
1,phase5c-timing-v1,phase5c-timing-v1,d4:C:3|X:1.2|Y:3.2|Z:2.1,4,IDA_STAR,1,SOLVED,4,D_CW B_CW L_CCW D_CW,4,48,,1
1,phase5c-timing-v1,phase5c-timing-v1,d4:C:3|X:1.2|Y:3.2|Z:2.1,4,BFS,1,SOLVED,4,D_CW B_CW L_CCW D_CW,2392,28704,,25
1,phase5c-timing-v1,phase5c-timing-v1,d4:C:3|X:1.2|Y:3.2|Z:2.1,4,BIDIRECTIONAL_BFS,1,SOLVED,4,D_CW B_CW L_CCW D_CW,26,312,,0
1,phase5c-timing-v1,phase5c-timing-v1,d4:C:3|X:1.2|Y:3.2|Z:2.1,4,BFS,2,SOLVED,4,D_CW B_CW L_CCW D_CW,2392,28704,,25
1,phase5c-timing-v1,phase5c-timing-v1,d4:C:3|X:1.2|Y:3.2|Z:2.1,4,BIDIRECTIONAL_BFS,2,SOLVED,4,D_CW B_CW L_CCW D_CW,26,312,,1
1,phase5c-timing-v1,phase5c-timing-v1,d4:C:3|X:1.2|Y:3.2|Z:2.1,4,IDA_STAR,2,SOLVED,4,D_CW B_CW L_CCW D_CW,4,48,,0
1,phase5c-timing-v1,phase5c-timing-v1,d4:C:3|X:1.2|Y:3.2|Z:2.1,4,BIDIRECTIONAL_BFS,3,SOLVED,4,D_CW B_CW L_CCW D_CW,26,312,,0
1,phase5c-timing-v1,phase5c-timing-v1,d4:C:3|X:1.2|Y:3.2|Z:2.1,4,IDA_STAR,3,SOLVED,4,D_CW B_CW L_CCW D_CW,4,48,,0
1,phase5c-timing-v1,phase5c-timing-v1,d4:C:3|X:1.2|Y:3.2|Z:2.1,4,BFS,3,SOLVED,4,D_CW B_CW L_CCW D_CW,2392,28704,,28
1,phase5c-timing-v1,phase5c-timing-v1,d4:C:3|X:1.2|Y:3.2|Z:2.1,4,IDA_STAR,4,SOLVED,4,D_CW B_CW L_CCW D_CW,4,48,,0
1,phase5c-timing-v1,phase5c-timing-v1,d4:C:3|X:1.2|Y:3.2|Z:2.1,4,BFS,4,SOLVED,4,D_CW B_CW L_CCW D_CW,2392,28704,,25
1,phase5c-timing-v1,phase5c-timing-v1,d4:C:3|X:1.2|Y:3.2|Z:2.1,4,BIDIRECTIONAL_BFS,4,SOLVED,4,D_CW B_CW L_CCW D_CW,26,312,,1
1,phase5c-timing-v1,phase5c-timing-v1,d5:C:1|X:0.2|Y:1.2|Z:2.2,5,IDA_STAR,0,SOLVED,5,L_CW B_CCW U_CCW U_CCW R_CCW,5,60,,0
1,phase5c-timing-v1,phase5c-timing-v1,d5:C:1|X:0.2|Y:1.2|Z:2.2,5,BFS,0,SOLVED,5,L_CW B_CCW U_CCW U_CCW R_CCW,16308,195696,,174
1,phase5c-timing-v1,phase5c-timing-v1,d5:C:1|X:0.2|Y:1.2|Z:2.2,5,BIDIRECTIONAL_BFS,0,SOLVED,5,L_CW B_CCW D_CW D_CW R_CCW,137,1644,,2
1,phase5c-timing-v1,phase5c-timing-v1,d5:C:1|X:0.2|Y:1.2|Z:2.2,5,BFS,1,SOLVED,5,L_CW B_CCW U_CCW U_CCW R_CCW,16308,195696,,173
1,phase5c-timing-v1,phase5c-timing-v1,d5:C:1|X:0.2|Y:1.2|Z:2.2,5,BIDIRECTIONAL_BFS,1,SOLVED,5,L_CW B_CCW D_CW D_CW R_CCW,137,1644,,2
1,phase5c-timing-v1,phase5c-timing-v1,d5:C:1|X:0.2|Y:1.2|Z:2.2,5,IDA_STAR,1,SOLVED,5,L_CW B_CCW U_CCW U_CCW R_CCW,5,60,,0
1,phase5c-timing-v1,phase5c-timing-v1,d5:C:1|X:0.2|Y:1.2|Z:2.2,5,BIDIRECTIONAL_BFS,2,SOLVED,5,L_CW B_CCW D_CW D_CW R_CCW,137,1644,,2
1,phase5c-timing-v1,phase5c-timing-v1,d5:C:1|X:0.2|Y:1.2|Z:2.2,5,IDA_STAR,2,SOLVED,5,L_CW B_CCW U_CCW U_CCW R_CCW,5,60,,0
1,phase5c-timing-v1,phase5c-timing-v1,d5:C:1|X:0.2|Y:1.2|Z:2.2,5,BFS,2,SOLVED,5,L_CW B_CCW U_CCW U_CCW R_CCW,16308,195696,,174
1,phase5c-timing-v1,phase5c-timing-v1,d5:C:1|X:0.2|Y:1.2|Z:2.2,5,IDA_STAR,3,SOLVED,5,L_CW B_CCW U_CCW U_CCW R_CCW,5,60,,0
1,phase5c-timing-v1,phase5c-timing-v1,d5:C:1|X:0.2|Y:1.2|Z:2.2,5,BFS,3,SOLVED,5,L_CW B_CCW U_CCW U_CCW R_CCW,16308,195696,,170
1,phase5c-timing-v1,phase5c-timing-v1,d5:C:1|X:0.2|Y:1.2|Z:2.2,5,BIDIRECTIONAL_BFS,3,SOLVED,5,L_CW B_CCW D_CW D_CW R_CCW,137,1644,,2
1,phase5c-timing-v1,phase5c-timing-v1,d5:C:1|X:0.2|Y:1.2|Z:2.2,5,BFS,4,SOLVED,5,L_CW B_CCW U_CCW U_CCW R_CCW,16308,195696,,174
1,phase5c-timing-v1,phase5c-timing-v1,d5:C:1|X:0.2|Y:1.2|Z:2.2,5,BIDIRECTIONAL_BFS,4,SOLVED,5,L_CW B_CCW D_CW D_CW R_CCW,137,1644,,2
1,phase5c-timing-v1,phase5c-timing-v1,d5:C:1|X:0.2|Y:1.2|Z:2.2,5,IDA_STAR,4,SOLVED,5,L_CW B_CCW U_CCW U_CCW R_CCW,5,60,,0
1,phase5c-timing-v1,phase5c-timing-v1,d5:C:21|X:1.2|Y:0.2|Z:3.2,5,BFS,0,SOLVED,5,U_CCW D_CW F_CCW B_CW R_CW,8131,97572,,86
1,phase5c-timing-v1,phase5c-timing-v1,d5:C:21|X:1.2|Y:0.2|Z:3.2,5,BIDIRECTIONAL_BFS,0,SOLVED,5,U_CCW D_CW R_CW B_CW F_CCW,137,1644,,2
1,phase5c-timing-v1,phase5c-timing-v1,d5:C:21|X:1.2|Y:0.2|Z:3.2,5,IDA_STAR,0,SOLVED,5,U_CCW D_CW F_CCW B_CW R_CW,5,60,,0
1,phase5c-timing-v1,phase5c-timing-v1,d5:C:21|X:1.2|Y:0.2|Z:3.2,5,BIDIRECTIONAL_BFS,1,SOLVED,5,U_CCW D_CW R_CW B_CW F_CCW,137,1644,,1
1,phase5c-timing-v1,phase5c-timing-v1,d5:C:21|X:1.2|Y:0.2|Z:3.2,5,IDA_STAR,1,SOLVED,5,U_CCW D_CW F_CCW B_CW R_CW,5,60,,0
1,phase5c-timing-v1,phase5c-timing-v1,d5:C:21|X:1.2|Y:0.2|Z:3.2,5,BFS,1,SOLVED,5,U_CCW D_CW F_CCW B_CW R_CW,8131,97572,,92
1,phase5c-timing-v1,phase5c-timing-v1,d5:C:21|X:1.2|Y:0.2|Z:3.2,5,IDA_STAR,2,SOLVED,5,U_CCW D_CW F_CCW B_CW R_CW,5,60,,1
1,phase5c-timing-v1,phase5c-timing-v1,d5:C:21|X:1.2|Y:0.2|Z:3.2,5,BFS,2,SOLVED,5,U_CCW D_CW F_CCW B_CW R_CW,8131,97572,,85
1,phase5c-timing-v1,phase5c-timing-v1,d5:C:21|X:1.2|Y:0.2|Z:3.2,5,BIDIRECTIONAL_BFS,2,SOLVED,5,U_CCW D_CW R_CW B_CW F_CCW,137,1644,,2
1,phase5c-timing-v1,phase5c-timing-v1,d5:C:21|X:1.2|Y:0.2|Z:3.2,5,BFS,3,SOLVED,5,U_CCW D_CW F_CCW B_CW R_CW,8131,97572,,85
1,phase5c-timing-v1,phase5c-timing-v1,d5:C:21|X:1.2|Y:0.2|Z:3.2,5,BIDIRECTIONAL_BFS,3,SOLVED,5,U_CCW D_CW R_CW B_CW F_CCW,137,1644,,1
1,phase5c-timing-v1,phase5c-timing-v1,d5:C:21|X:1.2|Y:0.2|Z:3.2,5,IDA_STAR,3,SOLVED,5,U_CCW D_CW F_CCW B_CW R_CW,5,60,,1
1,phase5c-timing-v1,phase5c-timing-v1,d5:C:21|X:1.2|Y:0.2|Z:3.2,5,BIDIRECTIONAL_BFS,4,SOLVED,5,U_CCW D_CW R_CW B_CW F_CCW,137,1644,,1
1,phase5c-timing-v1,phase5c-timing-v1,d5:C:21|X:1.2|Y:0.2|Z:3.2,5,IDA_STAR,4,SOLVED,5,U_CCW D_CW F_CCW B_CW R_CW,5,60,,0
1,phase5c-timing-v1,phase5c-timing-v1,d5:C:21|X:1.2|Y:0.2|Z:3.2,5,BFS,4,SOLVED,5,U_CCW D_CW F_CCW B_CW R_CW,8131,97572,,86
1,phase5c-timing-v1,phase5c-timing-v1,d5:C:10|X:2.1|Y:3.2|Z:1.1,5,BIDIRECTIONAL_BFS,0,SOLVED,5,U_CW L_CW F_CCW L_CW R_CW,137,1644,,2
1,phase5c-timing-v1,phase5c-timing-v1,d5:C:10|X:2.1|Y:3.2|Z:1.1,5,IDA_STAR,0,SOLVED,5,U_CW F_CW L_CCW F_CW R_CW,5,60,,0
1,phase5c-timing-v1,phase5c-timing-v1,d5:C:10|X:2.1|Y:3.2|Z:1.1,5,BFS,0,SOLVED,5,U_CW F_CW L_CCW F_CW R_CW,6493,77916,,70
1,phase5c-timing-v1,phase5c-timing-v1,d5:C:10|X:2.1|Y:3.2|Z:1.1,5,IDA_STAR,1,SOLVED,5,U_CW F_CW L_CCW F_CW R_CW,5,60,,0
1,phase5c-timing-v1,phase5c-timing-v1,d5:C:10|X:2.1|Y:3.2|Z:1.1,5,BFS,1,SOLVED,5,U_CW F_CW L_CCW F_CW R_CW,6493,77916,,69
1,phase5c-timing-v1,phase5c-timing-v1,d5:C:10|X:2.1|Y:3.2|Z:1.1,5,BIDIRECTIONAL_BFS,1,SOLVED,5,U_CW L_CW F_CCW L_CW R_CW,137,1644,,1
1,phase5c-timing-v1,phase5c-timing-v1,d5:C:10|X:2.1|Y:3.2|Z:1.1,5,BFS,2,SOLVED,5,U_CW F_CW L_CCW F_CW R_CW,6493,77916,,71
1,phase5c-timing-v1,phase5c-timing-v1,d5:C:10|X:2.1|Y:3.2|Z:1.1,5,BIDIRECTIONAL_BFS,2,SOLVED,5,U_CW L_CW F_CCW L_CW R_CW,137,1644,,1
1,phase5c-timing-v1,phase5c-timing-v1,d5:C:10|X:2.1|Y:3.2|Z:1.1,5,IDA_STAR,2,SOLVED,5,U_CW F_CW L_CCW F_CW R_CW,5,60,,0
1,phase5c-timing-v1,phase5c-timing-v1,d5:C:10|X:2.1|Y:3.2|Z:1.1,5,BIDIRECTIONAL_BFS,3,SOLVED,5,U_CW L_CW F_CCW L_CW R_CW,137,1644,,2
1,phase5c-timing-v1,phase5c-timing-v1,d5:C:10|X:2.1|Y:3.2|Z:1.1,5,IDA_STAR,3,SOLVED,5,U_CW F_CW L_CCW F_CW R_CW,5,60,,0
1,phase5c-timing-v1,phase5c-timing-v1,d5:C:10|X:2.1|Y:3.2|Z:1.1,5,BFS,3,SOLVED,5,U_CW F_CW L_CCW F_CW R_CW,6493,77916,,69
1,phase5c-timing-v1,phase5c-timing-v1,d5:C:10|X:2.1|Y:3.2|Z:1.1,5,IDA_STAR,4,SOLVED,5,U_CW F_CW L_CCW F_CW R_CW,5,60,,0
1,phase5c-timing-v1,phase5c-timing-v1,d5:C:10|X:2.1|Y:3.2|Z:1.1,5,BFS,4,SOLVED,5,U_CW F_CW L_CCW F_CW R_CW,6493,77916,,69
1,phase5c-timing-v1,phase5c-timing-v1,d5:C:10|X:2.1|Y:3.2|Z:1.1,5,BIDIRECTIONAL_BFS,4,SOLVED,5,U_CW L_CW F_CCW L_CW R_CW,137,1644,,2
1,phase5c-timing-v1,phase5c-timing-v1,d5:C:22|X:3.0|Y:0.2|Z:3.0,5,IDA_STAR,0,SOLVED,5,F_CW R_CW U_CW F_CCW L_CW,5,60,,0
1,phase5c-timing-v1,phase5c-timing-v1,d5:C:22|X:3.0|Y:0.2|Z:3.0,5,BFS,0,SOLVED,5,F_CW R_CW U_CW F_CCW L_CW,12586,151032,,133
1,phase5c-timing-v1,phase5c-timing-v1,d5:C:22|X:3.0|Y:0.2|Z:3.0,5,BIDIRECTIONAL_BFS,0,SOLVED,5,F_CW R_CW U_CW F_CCW L_CW,137,1644,,1
1,phase5c-timing-v1,phase5c-timing-v1,d5:C:22|X:3.0|Y:0.2|Z:3.0,5,BFS,1,SOLVED,5,F_CW R_CW U_CW F_CCW L_CW,12586,151032,,132
1,phase5c-timing-v1,phase5c-timing-v1,d5:C:22|X:3.0|Y:0.2|Z:3.0,5,BIDIRECTIONAL_BFS,1,SOLVED,5,F_CW R_CW U_CW F_CCW L_CW,137,1644,,2
1,phase5c-timing-v1,phase5c-timing-v1,d5:C:22|X:3.0|Y:0.2|Z:3.0,5,IDA_STAR,1,SOLVED,5,F_CW R_CW U_CW F_CCW L_CW,5,60,,0
1,phase5c-timing-v1,phase5c-timing-v1,d5:C:22|X:3.0|Y:0.2|Z:3.0,5,BIDIRECTIONAL_BFS,2,SOLVED,5,F_CW R_CW U_CW F_CCW L_CW,137,1644,,2
1,phase5c-timing-v1,phase5c-timing-v1,d5:C:22|X:3.0|Y:0.2|Z:3.0,5,IDA_STAR,2,SOLVED,5,F_CW R_CW U_CW F_CCW L_CW,5,60,,0
1,phase5c-timing-v1,phase5c-timing-v1,d5:C:22|X:3.0|Y:0.2|Z:3.0,5,BFS,2,SOLVED,5,F_CW R_CW U_CW F_CCW L_CW,12586,151032,,133
1,phase5c-timing-v1,phase5c-timing-v1,d5:C:22|X:3.0|Y:0.2|Z:3.0,5,IDA_STAR,3,SOLVED,5,F_CW R_CW U_CW F_CCW L_CW,5,60,,0
1,phase5c-timing-v1,phase5c-timing-v1,d5:C:22|X:3.0|Y:0.2|Z:3.0,5,BFS,3,SOLVED,5,F_CW R_CW U_CW F_CCW L_CW,12586,151032,,132
1,phase5c-timing-v1,phase5c-timing-v1,d5:C:22|X:3.0|Y:0.2|Z:3.0,5,BIDIRECTIONAL_BFS,3,SOLVED,5,F_CW R_CW U_CW F_CCW L_CW,137,1644,,2
1,phase5c-timing-v1,phase5c-timing-v1,d5:C:22|X:3.0|Y:0.2|Z:3.0,5,BFS,4,SOLVED,5,F_CW R_CW U_CW F_CCW L_CW,12586,151032,,133
1,phase5c-timing-v1,phase5c-timing-v1,d5:C:22|X:3.0|Y:0.2|Z:3.0,5,BIDIRECTIONAL_BFS,4,SOLVED,5,F_CW R_CW U_CW F_CCW L_CW,137,1644,,2
1,phase5c-timing-v1,phase5c-timing-v1,d5:C:22|X:3.0|Y:0.2|Z:3.0,5,IDA_STAR,4,SOLVED,5,F_CW R_CW U_CW F_CCW L_CW,5,60,,0
1,phase5c-timing-v1,phase5c-timing-v1,d5:C:1|X:0.0|Y:1.2|Z:3.2,5,BFS,0,SOLVED,5,R_CW F_CW U_CCW U_CCW R_CCW,15236,182832,,164
1,phase5c-timing-v1,phase5c-timing-v1,d5:C:1|X:0.0|Y:1.2|Z:3.2,5,BIDIRECTIONAL_BFS,0,SOLVED,5,R_CW F_CW D_CW D_CW R_CCW,137,1644,,2
1,phase5c-timing-v1,phase5c-timing-v1,d5:C:1|X:0.0|Y:1.2|Z:3.2,5,IDA_STAR,0,SOLVED,5,R_CW F_CW U_CCW U_CCW R_CCW,5,60,,0
1,phase5c-timing-v1,phase5c-timing-v1,d5:C:1|X:0.0|Y:1.2|Z:3.2,5,BIDIRECTIONAL_BFS,1,SOLVED,5,R_CW F_CW D_CW D_CW R_CCW,137,1644,,2
1,phase5c-timing-v1,phase5c-timing-v1,d5:C:1|X:0.0|Y:1.2|Z:3.2,5,IDA_STAR,1,SOLVED,5,R_CW F_CW U_CCW U_CCW R_CCW,5,60,,0
1,phase5c-timing-v1,phase5c-timing-v1,d5:C:1|X:0.0|Y:1.2|Z:3.2,5,BFS,1,SOLVED,5,R_CW F_CW U_CCW U_CCW R_CCW,15236,182832,,160
1,phase5c-timing-v1,phase5c-timing-v1,d5:C:1|X:0.0|Y:1.2|Z:3.2,5,IDA_STAR,2,SOLVED,5,R_CW F_CW U_CCW U_CCW R_CCW,5,60,,0
1,phase5c-timing-v1,phase5c-timing-v1,d5:C:1|X:0.0|Y:1.2|Z:3.2,5,BFS,2,SOLVED,5,R_CW F_CW U_CCW U_CCW R_CCW,15236,182832,,159
1,phase5c-timing-v1,phase5c-timing-v1,d5:C:1|X:0.0|Y:1.2|Z:3.2,5,BIDIRECTIONAL_BFS,2,SOLVED,5,R_CW F_CW D_CW D_CW R_CCW,137,1644,,2
1,phase5c-timing-v1,phase5c-timing-v1,d5:C:1|X:0.0|Y:1.2|Z:3.2,5,BFS,3,SOLVED,5,R_CW F_CW U_CCW U_CCW R_CCW,15236,182832,,161
1,phase5c-timing-v1,phase5c-timing-v1,d5:C:1|X:0.0|Y:1.2|Z:3.2,5,BIDIRECTIONAL_BFS,3,SOLVED,5,R_CW F_CW D_CW D_CW R_CCW,137,1644,,1
1,phase5c-timing-v1,phase5c-timing-v1,d5:C:1|X:0.0|Y:1.2|Z:3.2,5,IDA_STAR,3,SOLVED,5,R_CW F_CW U_CCW U_CCW R_CCW,5,60,,0
1,phase5c-timing-v1,phase5c-timing-v1,d5:C:1|X:0.0|Y:1.2|Z:3.2,5,BIDIRECTIONAL_BFS,4,SOLVED,5,R_CW F_CW D_CW D_CW R_CCW,137,1644,,2
1,phase5c-timing-v1,phase5c-timing-v1,d5:C:1|X:0.0|Y:1.2|Z:3.2,5,IDA_STAR,4,SOLVED,5,R_CW F_CW U_CCW U_CCW R_CCW,5,60,,0
1,phase5c-timing-v1,phase5c-timing-v1,d5:C:1|X:0.0|Y:1.2|Z:3.2,5,BFS,4,SOLVED,5,R_CW F_CW U_CCW U_CCW R_CCW,15236,182832,,161
1,phase5c-timing-v1,phase5c-timing-v1,d5:C:1|X:3.2|Y:0.2|Z:3.0,5,BIDIRECTIONAL_BFS,0,SOLVED,5,F_CCW L_CCW B_CCW U_CCW U_CCW,137,1644,,2
1,phase5c-timing-v1,phase5c-timing-v1,d5:C:1|X:3.2|Y:0.2|Z:3.0,5,IDA_STAR,0,SOLVED,5,U_CCW U_CCW F_CCW L_CCW B_CCW,5,60,,0
1,phase5c-timing-v1,phase5c-timing-v1,d5:C:1|X:3.2|Y:0.2|Z:3.0,5,BFS,0,SOLVED,5,U_CCW U_CCW F_CCW L_CCW B_CCW,8011,96132,,84
1,phase5c-timing-v1,phase5c-timing-v1,d5:C:1|X:3.2|Y:0.2|Z:3.0,5,IDA_STAR,1,SOLVED,5,U_CCW U_CCW F_CCW L_CCW B_CCW,5,60,,0
1,phase5c-timing-v1,phase5c-timing-v1,d5:C:1|X:3.2|Y:0.2|Z:3.0,5,BFS,1,SOLVED,5,U_CCW U_CCW F_CCW L_CCW B_CCW,8011,96132,,87
1,phase5c-timing-v1,phase5c-timing-v1,d5:C:1|X:3.2|Y:0.2|Z:3.0,5,BIDIRECTIONAL_BFS,1,SOLVED,5,F_CCW L_CCW B_CCW U_CCW U_CCW,137,1644,,1
1,phase5c-timing-v1,phase5c-timing-v1,d5:C:1|X:3.2|Y:0.2|Z:3.0,5,BFS,2,SOLVED,5,U_CCW U_CCW F_CCW L_CCW B_CCW,8011,96132,,102
1,phase5c-timing-v1,phase5c-timing-v1,d5:C:1|X:3.2|Y:0.2|Z:3.0,5,BIDIRECTIONAL_BFS,2,SOLVED,5,F_CCW L_CCW B_CCW U_CCW U_CCW,137,1644,,2
1,phase5c-timing-v1,phase5c-timing-v1,d5:C:1|X:3.2|Y:0.2|Z:3.0,5,IDA_STAR,2,SOLVED,5,U_CCW U_CCW F_CCW L_CCW B_CCW,5,60,,0
1,phase5c-timing-v1,phase5c-timing-v1,d5:C:1|X:3.2|Y:0.2|Z:3.0,5,BIDIRECTIONAL_BFS,3,SOLVED,5,F_CCW L_CCW B_CCW U_CCW U_CCW,137,1644,,2
1,phase5c-timing-v1,phase5c-timing-v1,d5:C:1|X:3.2|Y:0.2|Z:3.0,5,IDA_STAR,3,SOLVED,5,U_CCW U_CCW F_CCW L_CCW B_CCW,5,60,,0
1,phase5c-timing-v1,phase5c-timing-v1,d5:C:1|X:3.2|Y:0.2|Z:3.0,5,BFS,3,SOLVED,5,U_CCW U_CCW F_CCW L_CCW B_CCW,8011,96132,,87
1,phase5c-timing-v1,phase5c-timing-v1,d5:C:1|X:3.2|Y:0.2|Z:3.0,5,IDA_STAR,4,SOLVED,5,U_CCW U_CCW F_CCW L_CCW B_CCW,5,60,,0
1,phase5c-timing-v1,phase5c-timing-v1,d5:C:1|X:3.2|Y:0.2|Z:3.0,5,BFS,4,SOLVED,5,U_CCW U_CCW F_CCW L_CCW B_CCW,8011,96132,,95
1,phase5c-timing-v1,phase5c-timing-v1,d5:C:1|X:3.2|Y:0.2|Z:3.0,5,BIDIRECTIONAL_BFS,4,SOLVED,5,F_CCW L_CCW B_CCW U_CCW U_CCW,137,1644,,2
1,phase5c-timing-v1,phase5c-timing-v1,d5:C:17|X:2.0|Y:0.2|Z:2.1,5,IDA_STAR,0,SOLVED,5,F_CCW R_CW R_CW U_CW L_CCW,5,60,,0
1,phase5c-timing-v1,phase5c-timing-v1,d5:C:17|X:2.0|Y:0.2|Z:2.1,5,BFS,0,SOLVED,5,F_CCW R_CW R_CW U_CW L_CCW,13790,165480,,150
1,phase5c-timing-v1,phase5c-timing-v1,d5:C:17|X:2.0|Y:0.2|Z:2.1,5,BIDIRECTIONAL_BFS,0,SOLVED,5,R_CCW R_CCW F_CCW U_CW L_CW,137,1644,,2
1,phase5c-timing-v1,phase5c-timing-v1,d5:C:17|X:2.0|Y:0.2|Z:2.1,5,BFS,1,SOLVED,5,F_CCW R_CW R_CW U_CW L_CCW,13790,165480,,148
1,phase5c-timing-v1,phase5c-timing-v1,d5:C:17|X:2.0|Y:0.2|Z:2.1,5,BIDIRECTIONAL_BFS,1,SOLVED,5,R_CCW R_CCW F_CCW U_CW L_CW,137,1644,,2
1,phase5c-timing-v1,phase5c-timing-v1,d5:C:17|X:2.0|Y:0.2|Z:2.1,5,IDA_STAR,1,SOLVED,5,F_CCW R_CW R_CW U_CW L_CCW,5,60,,0
1,phase5c-timing-v1,phase5c-timing-v1,d5:C:17|X:2.0|Y:0.2|Z:2.1,5,BIDIRECTIONAL_BFS,2,SOLVED,5,R_CCW R_CCW F_CCW U_CW L_CW,137,1644,,2
1,phase5c-timing-v1,phase5c-timing-v1,d5:C:17|X:2.0|Y:0.2|Z:2.1,5,IDA_STAR,2,SOLVED,5,F_CCW R_CW R_CW U_CW L_CCW,5,60,,0
1,phase5c-timing-v1,phase5c-timing-v1,d5:C:17|X:2.0|Y:0.2|Z:2.1,5,BFS,2,SOLVED,5,F_CCW R_CW R_CW U_CW L_CCW,13790,165480,,146
1,phase5c-timing-v1,phase5c-timing-v1,d5:C:17|X:2.0|Y:0.2|Z:2.1,5,IDA_STAR,3,SOLVED,5,F_CCW R_CW R_CW U_CW L_CCW,5,60,,0
1,phase5c-timing-v1,phase5c-timing-v1,d5:C:17|X:2.0|Y:0.2|Z:2.1,5,BFS,3,SOLVED,5,F_CCW R_CW R_CW U_CW L_CCW,13790,165480,,144
1,phase5c-timing-v1,phase5c-timing-v1,d5:C:17|X:2.0|Y:0.2|Z:2.1,5,BIDIRECTIONAL_BFS,3,SOLVED,5,R_CCW R_CCW F_CCW U_CW L_CW,137,1644,,2
1,phase5c-timing-v1,phase5c-timing-v1,d5:C:17|X:2.0|Y:0.2|Z:2.1,5,BFS,4,SOLVED,5,F_CCW R_CW R_CW U_CW L_CCW,13790,165480,,151
1,phase5c-timing-v1,phase5c-timing-v1,d5:C:17|X:2.0|Y:0.2|Z:2.1,5,BIDIRECTIONAL_BFS,4,SOLVED,5,R_CCW R_CCW F_CCW U_CW L_CW,137,1644,,2
1,phase5c-timing-v1,phase5c-timing-v1,d5:C:17|X:2.0|Y:0.2|Z:2.1,5,IDA_STAR,4,SOLVED,5,F_CCW R_CW R_CW U_CW L_CCW,5,60,,0
1,phase5c-timing-v1,phase5c-timing-v1,d5:C:17|X:1.0|Y:3.2|Z:3.2,5,BFS,0,SOLVED,5,R_CW F_CCW U_CW L_CW F_CCW,15344,184128,,165
1,phase5c-timing-v1,phase5c-timing-v1,d5:C:17|X:1.0|Y:3.2|Z:3.2,5,BIDIRECTIONAL_BFS,0,SOLVED,5,R_CW F_CCW U_CW L_CW F_CCW,137,1644,,3
1,phase5c-timing-v1,phase5c-timing-v1,d5:C:17|X:1.0|Y:3.2|Z:3.2,5,IDA_STAR,0,SOLVED,5,R_CW F_CCW U_CW L_CW F_CCW,5,60,,0
1,phase5c-timing-v1,phase5c-timing-v1,d5:C:17|X:1.0|Y:3.2|Z:3.2,5,BIDIRECTIONAL_BFS,1,SOLVED,5,R_CW F_CCW U_CW L_CW F_CCW,137,1644,,1
1,phase5c-timing-v1,phase5c-timing-v1,d5:C:17|X:1.0|Y:3.2|Z:3.2,5,IDA_STAR,1,SOLVED,5,R_CW F_CCW U_CW L_CW F_CCW,5,60,,0
1,phase5c-timing-v1,phase5c-timing-v1,d5:C:17|X:1.0|Y:3.2|Z:3.2,5,BFS,1,SOLVED,5,R_CW F_CCW U_CW L_CW F_CCW,15344,184128,,170
1,phase5c-timing-v1,phase5c-timing-v1,d5:C:17|X:1.0|Y:3.2|Z:3.2,5,IDA_STAR,2,SOLVED,5,R_CW F_CCW U_CW L_CW F_CCW,5,60,,0
1,phase5c-timing-v1,phase5c-timing-v1,d5:C:17|X:1.0|Y:3.2|Z:3.2,5,BFS,2,SOLVED,5,R_CW F_CCW U_CW L_CW F_CCW,15344,184128,,163
1,phase5c-timing-v1,phase5c-timing-v1,d5:C:17|X:1.0|Y:3.2|Z:3.2,5,BIDIRECTIONAL_BFS,2,SOLVED,5,R_CW F_CCW U_CW L_CW F_CCW,137,1644,,2
1,phase5c-timing-v1,phase5c-timing-v1,d5:C:17|X:1.0|Y:3.2|Z:3.2,5,BFS,3,SOLVED,5,R_CW F_CCW U_CW L_CW F_CCW,15344,184128,,167
1,phase5c-timing-v1,phase5c-timing-v1,d5:C:17|X:1.0|Y:3.2|Z:3.2,5,BIDIRECTIONAL_BFS,3,SOLVED,5,R_CW F_CCW U_CW L_CW F_CCW,137,1644,,1
1,phase5c-timing-v1,phase5c-timing-v1,d5:C:17|X:1.0|Y:3.2|Z:3.2,5,IDA_STAR,3,SOLVED,5,R_CW F_CCW U_CW L_CW F_CCW,5,60,,0
1,phase5c-timing-v1,phase5c-timing-v1,d5:C:17|X:1.0|Y:3.2|Z:3.2,5,BIDIRECTIONAL_BFS,4,SOLVED,5,R_CW F_CCW U_CW L_CW F_CCW,137,1644,,2
1,phase5c-timing-v1,phase5c-timing-v1,d5:C:17|X:1.0|Y:3.2|Z:3.2,5,IDA_STAR,4,SOLVED,5,R_CW F_CCW U_CW L_CW F_CCW,5,60,,0
1,phase5c-timing-v1,phase5c-timing-v1,d5:C:17|X:1.0|Y:3.2|Z:3.2,5,BFS,4,SOLVED,5,R_CW F_CCW U_CW L_CW F_CCW,15344,184128,,167
1,phase5c-timing-v1,phase5c-timing-v1,d6:C:11|X:2.2|Y:0.2|Z:3.2,6,BIDIRECTIONAL_BFS,0,SOLVED,6,F_CCW B_CW L_CW D_CW R_CCW U_CCW,248,2976,,3
1,phase5c-timing-v1,phase5c-timing-v1,d6:C:11|X:2.2|Y:0.2|Z:3.2,6,IDA_STAR,0,SOLVED,6,F_CCW B_CW L_CW D_CW R_CCW U_CCW,11,132,,0
1,phase5c-timing-v1,phase5c-timing-v1,d6:C:11|X:2.2|Y:0.2|Z:3.2,6,BFS,0,SOLVED,6,F_CCW B_CW L_CW D_CW R_CCW U_CCW,31522,378264,,327
1,phase5c-timing-v1,phase5c-timing-v1,d6:C:11|X:2.2|Y:0.2|Z:3.2,6,IDA_STAR,1,SOLVED,6,F_CCW B_CW L_CW D_CW R_CCW U_CCW,11,132,,0
1,phase5c-timing-v1,phase5c-timing-v1,d6:C:11|X:2.2|Y:0.2|Z:3.2,6,BFS,1,SOLVED,6,F_CCW B_CW L_CW D_CW R_CCW U_CCW,31522,378264,,330
1,phase5c-timing-v1,phase5c-timing-v1,d6:C:11|X:2.2|Y:0.2|Z:3.2,6,BIDIRECTIONAL_BFS,1,SOLVED,6,F_CCW B_CW L_CW D_CW R_CCW U_CCW,248,2976,,3
1,phase5c-timing-v1,phase5c-timing-v1,d6:C:11|X:2.2|Y:0.2|Z:3.2,6,BFS,2,SOLVED,6,F_CCW B_CW L_CW D_CW R_CCW U_CCW,31522,378264,,330
1,phase5c-timing-v1,phase5c-timing-v1,d6:C:11|X:2.2|Y:0.2|Z:3.2,6,BIDIRECTIONAL_BFS,2,SOLVED,6,F_CCW B_CW L_CW D_CW R_CCW U_CCW,248,2976,,3
1,phase5c-timing-v1,phase5c-timing-v1,d6:C:11|X:2.2|Y:0.2|Z:3.2,6,IDA_STAR,2,SOLVED,6,F_CCW B_CW L_CW D_CW R_CCW U_CCW,11,132,,0
1,phase5c-timing-v1,phase5c-timing-v1,d6:C:11|X:2.2|Y:0.2|Z:3.2,6,BIDIRECTIONAL_BFS,3,SOLVED,6,F_CCW B_CW L_CW D_CW R_CCW U_CCW,248,2976,,3
1,phase5c-timing-v1,phase5c-timing-v1,d6:C:11|X:2.2|Y:0.2|Z:3.2,6,IDA_STAR,3,SOLVED,6,F_CCW B_CW L_CW D_CW R_CCW U_CCW,11,132,,0
1,phase5c-timing-v1,phase5c-timing-v1,d6:C:11|X:2.2|Y:0.2|Z:3.2,6,BFS,3,SOLVED,6,F_CCW B_CW L_CW D_CW R_CCW U_CCW,31522,378264,,330
1,phase5c-timing-v1,phase5c-timing-v1,d6:C:11|X:2.2|Y:0.2|Z:3.2,6,IDA_STAR,4,SOLVED,6,F_CCW B_CW L_CW D_CW R_CCW U_CCW,11,132,,0
1,phase5c-timing-v1,phase5c-timing-v1,d6:C:11|X:2.2|Y:0.2|Z:3.2,6,BFS,4,SOLVED,6,F_CCW B_CW L_CW D_CW R_CCW U_CCW,31522,378264,,328
1,phase5c-timing-v1,phase5c-timing-v1,d6:C:11|X:2.2|Y:0.2|Z:3.2,6,BIDIRECTIONAL_BFS,4,SOLVED,6,F_CCW B_CW L_CW D_CW R_CCW U_CCW,248,2976,,3
1,phase5c-timing-v1,phase5c-timing-v1,d6:C:3|X:1.1|Y:2.2|Z:2.0,6,IDA_STAR,0,SOLVED,6,U_CW U_CW F_CCW L_CW D_CW F_CW,6,72,,0
1,phase5c-timing-v1,phase5c-timing-v1,d6:C:3|X:1.1|Y:2.2|Z:2.0,6,BFS,0,SOLVED,6,U_CW U_CW F_CCW L_CW D_CW F_CW,17475,209700,,186
1,phase5c-timing-v1,phase5c-timing-v1,d6:C:3|X:1.1|Y:2.2|Z:2.0,6,BIDIRECTIONAL_BFS,0,SOLVED,6,U_CCW R_CW D_CW B_CW L_CCW F_CW,248,2976,,3
1,phase5c-timing-v1,phase5c-timing-v1,d6:C:3|X:1.1|Y:2.2|Z:2.0,6,BFS,1,SOLVED,6,U_CW U_CW F_CCW L_CW D_CW F_CW,17475,209700,,184
1,phase5c-timing-v1,phase5c-timing-v1,d6:C:3|X:1.1|Y:2.2|Z:2.0,6,BIDIRECTIONAL_BFS,1,SOLVED,6,U_CCW R_CW D_CW B_CW L_CCW F_CW,248,2976,,3
1,phase5c-timing-v1,phase5c-timing-v1,d6:C:3|X:1.1|Y:2.2|Z:2.0,6,IDA_STAR,1,SOLVED,6,U_CW U_CW F_CCW L_CW D_CW F_CW,6,72,,0
1,phase5c-timing-v1,phase5c-timing-v1,d6:C:3|X:1.1|Y:2.2|Z:2.0,6,BIDIRECTIONAL_BFS,2,SOLVED,6,U_CCW R_CW D_CW B_CW L_CCW F_CW,248,2976,,3
1,phase5c-timing-v1,phase5c-timing-v1,d6:C:3|X:1.1|Y:2.2|Z:2.0,6,IDA_STAR,2,SOLVED,6,U_CW U_CW F_CCW L_CW D_CW F_CW,6,72,,0
1,phase5c-timing-v1,phase5c-timing-v1,d6:C:3|X:1.1|Y:2.2|Z:2.0,6,BFS,2,SOLVED,6,U_CW U_CW F_CCW L_CW D_CW F_CW,17475,209700,,182
1,phase5c-timing-v1,phase5c-timing-v1,d6:C:3|X:1.1|Y:2.2|Z:2.0,6,IDA_STAR,3,SOLVED,6,U_CW U_CW F_CCW L_CW D_CW F_CW,6,72,,1
1,phase5c-timing-v1,phase5c-timing-v1,d6:C:3|X:1.1|Y:2.2|Z:2.0,6,BFS,3,SOLVED,6,U_CW U_CW F_CCW L_CW D_CW F_CW,17475,209700,,185
1,phase5c-timing-v1,phase5c-timing-v1,d6:C:3|X:1.1|Y:2.2|Z:2.0,6,BIDIRECTIONAL_BFS,3,SOLVED,6,U_CCW R_CW D_CW B_CW L_CCW F_CW,248,2976,,2
1,phase5c-timing-v1,phase5c-timing-v1,d6:C:3|X:1.1|Y:2.2|Z:2.0,6,BFS,4,SOLVED,6,U_CW U_CW F_CCW L_CW D_CW F_CW,17475,209700,,182
1,phase5c-timing-v1,phase5c-timing-v1,d6:C:3|X:1.1|Y:2.2|Z:2.0,6,BIDIRECTIONAL_BFS,4,SOLVED,6,U_CCW R_CW D_CW B_CW L_CCW F_CW,248,2976,,2
1,phase5c-timing-v1,phase5c-timing-v1,d6:C:3|X:1.1|Y:2.2|Z:2.0,6,IDA_STAR,4,SOLVED,6,U_CW U_CW F_CCW L_CW D_CW F_CW,6,72,,1
1,phase5c-timing-v1,phase5c-timing-v1,d6:C:23|X:1.0|Y:1.2|Z:1.1,6,BFS,0,SOLVED,6,U_CW B_CW R_CCW U_CCW L_CCW D_CCW,22896,274752,,241
1,phase5c-timing-v1,phase5c-timing-v1,d6:C:23|X:1.0|Y:1.2|Z:1.1,6,BIDIRECTIONAL_BFS,0,SOLVED,6,B_CCW D_CCW R_CW L_CCW B_CCW R_CW,248,2976,,3
1,phase5c-timing-v1,phase5c-timing-v1,d6:C:23|X:1.0|Y:1.2|Z:1.1,6,IDA_STAR,0,SOLVED,6,U_CW B_CW R_CCW U_CCW L_CCW D_CCW,6,72,,0
1,phase5c-timing-v1,phase5c-timing-v1,d6:C:23|X:1.0|Y:1.2|Z:1.1,6,BIDIRECTIONAL_BFS,1,SOLVED,6,B_CCW D_CCW R_CW L_CCW B_CCW R_CW,248,2976,,3
1,phase5c-timing-v1,phase5c-timing-v1,d6:C:23|X:1.0|Y:1.2|Z:1.1,6,IDA_STAR,1,SOLVED,6,U_CW B_CW R_CCW U_CCW L_CCW D_CCW,6,72,,0
1,phase5c-timing-v1,phase5c-timing-v1,d6:C:23|X:1.0|Y:1.2|Z:1.1,6,BFS,1,SOLVED,6,U_CW B_CW R_CCW U_CCW L_CCW D_CCW,22896,274752,,241
1,phase5c-timing-v1,phase5c-timing-v1,d6:C:23|X:1.0|Y:1.2|Z:1.1,6,IDA_STAR,2,SOLVED,6,U_CW B_CW R_CCW U_CCW L_CCW D_CCW,6,72,,0
1,phase5c-timing-v1,phase5c-timing-v1,d6:C:23|X:1.0|Y:1.2|Z:1.1,6,BFS,2,SOLVED,6,U_CW B_CW R_CCW U_CCW L_CCW D_CCW,22896,274752,,242
1,phase5c-timing-v1,phase5c-timing-v1,d6:C:23|X:1.0|Y:1.2|Z:1.1,6,BIDIRECTIONAL_BFS,2,SOLVED,6,B_CCW D_CCW R_CW L_CCW B_CCW R_CW,248,2976,,4
1,phase5c-timing-v1,phase5c-timing-v1,d6:C:23|X:1.0|Y:1.2|Z:1.1,6,BFS,3,SOLVED,6,U_CW B_CW R_CCW U_CCW L_CCW D_CCW,22896,274752,,240
1,phase5c-timing-v1,phase5c-timing-v1,d6:C:23|X:1.0|Y:1.2|Z:1.1,6,BIDIRECTIONAL_BFS,3,SOLVED,6,B_CCW D_CCW R_CW L_CCW B_CCW R_CW,248,2976,,3
1,phase5c-timing-v1,phase5c-timing-v1,d6:C:23|X:1.0|Y:1.2|Z:1.1,6,IDA_STAR,3,SOLVED,6,U_CW B_CW R_CCW U_CCW L_CCW D_CCW,6,72,,0
1,phase5c-timing-v1,phase5c-timing-v1,d6:C:23|X:1.0|Y:1.2|Z:1.1,6,BIDIRECTIONAL_BFS,4,SOLVED,6,B_CCW D_CCW R_CW L_CCW B_CCW R_CW,248,2976,,3
1,phase5c-timing-v1,phase5c-timing-v1,d6:C:23|X:1.0|Y:1.2|Z:1.1,6,IDA_STAR,4,SOLVED,6,U_CW B_CW R_CCW U_CCW L_CCW D_CCW,6,72,,0
1,phase5c-timing-v1,phase5c-timing-v1,d6:C:23|X:1.0|Y:1.2|Z:1.1,6,BFS,4,SOLVED,6,U_CW B_CW R_CCW U_CCW L_CCW D_CCW,22896,274752,,240
1,phase5c-timing-v1,phase5c-timing-v1,d6:C:8|X:1.2|Y:0.2|Z:1.2,6,BIDIRECTIONAL_BFS,0,SOLVED,6,D_CCW L_CCW B_CW L_CCW F_CCW R_CCW,248,2976,,3
1,phase5c-timing-v1,phase5c-timing-v1,d6:C:8|X:1.2|Y:0.2|Z:1.2,6,IDA_STAR,0,SOLVED,6,D_CCW F_CCW R_CCW F_CW F_CW L_CW,9,108,,0
1,phase5c-timing-v1,phase5c-timing-v1,d6:C:8|X:1.2|Y:0.2|Z:1.2,6,BFS,0,SOLVED,6,D_CCW F_CCW R_CCW F_CW F_CW L_CW,29283,351396,,308
1,phase5c-timing-v1,phase5c-timing-v1,d6:C:8|X:1.2|Y:0.2|Z:1.2,6,IDA_STAR,1,SOLVED,6,D_CCW F_CCW R_CCW F_CW F_CW L_CW,9,108,,0
1,phase5c-timing-v1,phase5c-timing-v1,d6:C:8|X:1.2|Y:0.2|Z:1.2,6,BFS,1,SOLVED,6,D_CCW F_CCW R_CCW F_CW F_CW L_CW,29283,351396,,305
1,phase5c-timing-v1,phase5c-timing-v1,d6:C:8|X:1.2|Y:0.2|Z:1.2,6,BIDIRECTIONAL_BFS,1,SOLVED,6,D_CCW L_CCW B_CW L_CCW F_CCW R_CCW,248,2976,,2
1,phase5c-timing-v1,phase5c-timing-v1,d6:C:8|X:1.2|Y:0.2|Z:1.2,6,BFS,2,SOLVED,6,D_CCW F_CCW R_CCW F_CW F_CW L_CW,29283,351396,,308
1,phase5c-timing-v1,phase5c-timing-v1,d6:C:8|X:1.2|Y:0.2|Z:1.2,6,BIDIRECTIONAL_BFS,2,SOLVED,6,D_CCW L_CCW B_CW L_CCW F_CCW R_CCW,248,2976,,2
1,phase5c-timing-v1,phase5c-timing-v1,d6:C:8|X:1.2|Y:0.2|Z:1.2,6,IDA_STAR,2,SOLVED,6,D_CCW F_CCW R_CCW F_CW F_CW L_CW,9,108,,1
1,phase5c-timing-v1,phase5c-timing-v1,d6:C:8|X:1.2|Y:0.2|Z:1.2,6,BIDIRECTIONAL_BFS,3,SOLVED,6,D_CCW L_CCW B_CW L_CCW F_CCW R_CCW,248,2976,,4
1,phase5c-timing-v1,phase5c-timing-v1,d6:C:8|X:1.2|Y:0.2|Z:1.2,6,IDA_STAR,3,SOLVED,6,D_CCW F_CCW R_CCW F_CW F_CW L_CW,9,108,,0
1,phase5c-timing-v1,phase5c-timing-v1,d6:C:8|X:1.2|Y:0.2|Z:1.2,6,BFS,3,SOLVED,6,D_CCW F_CCW R_CCW F_CW F_CW L_CW,29283,351396,,310
1,phase5c-timing-v1,phase5c-timing-v1,d6:C:8|X:1.2|Y:0.2|Z:1.2,6,IDA_STAR,4,SOLVED,6,D_CCW F_CCW R_CCW F_CW F_CW L_CW,9,108,,0
1,phase5c-timing-v1,phase5c-timing-v1,d6:C:8|X:1.2|Y:0.2|Z:1.2,6,BFS,4,SOLVED,6,D_CCW F_CCW R_CCW F_CW F_CW L_CW,29283,351396,,306
1,phase5c-timing-v1,phase5c-timing-v1,d6:C:8|X:1.2|Y:0.2|Z:1.2,6,BIDIRECTIONAL_BFS,4,SOLVED,6,D_CCW L_CCW B_CW L_CCW F_CCW R_CCW,248,2976,,3
1,phase5c-timing-v1,phase5c-timing-v1,d6:C:23|X:2.2|Y:1.2|Z:3.0,6,IDA_STAR,0,SOLVED,6,D_CW R_CCW F_CCW U_CCW R_CCW B_CCW,8,96,,0
1,phase5c-timing-v1,phase5c-timing-v1,d6:C:23|X:2.2|Y:1.2|Z:3.0,6,BFS,0,SOLVED,6,D_CW R_CCW F_CCW U_CCW R_CCW B_CCW,28585,343020,,303
1,phase5c-timing-v1,phase5c-timing-v1,d6:C:23|X:2.2|Y:1.2|Z:3.0,6,BIDIRECTIONAL_BFS,0,SOLVED,6,F_CW D_CCW L_CCW R_CCW F_CCW R_CW,248,2976,,3
1,phase5c-timing-v1,phase5c-timing-v1,d6:C:23|X:2.2|Y:1.2|Z:3.0,6,BFS,1,SOLVED,6,D_CW R_CCW F_CCW U_CCW R_CCW B_CCW,28585,343020,,303
1,phase5c-timing-v1,phase5c-timing-v1,d6:C:23|X:2.2|Y:1.2|Z:3.0,6,BIDIRECTIONAL_BFS,1,SOLVED,6,F_CW D_CCW L_CCW R_CCW F_CCW R_CW,248,2976,,3
1,phase5c-timing-v1,phase5c-timing-v1,d6:C:23|X:2.2|Y:1.2|Z:3.0,6,IDA_STAR,1,SOLVED,6,D_CW R_CCW F_CCW U_CCW R_CCW B_CCW,8,96,,0
1,phase5c-timing-v1,phase5c-timing-v1,d6:C:23|X:2.2|Y:1.2|Z:3.0,6,BIDIRECTIONAL_BFS,2,SOLVED,6,F_CW D_CCW L_CCW R_CCW F_CCW R_CW,248,2976,,3
1,phase5c-timing-v1,phase5c-timing-v1,d6:C:23|X:2.2|Y:1.2|Z:3.0,6,IDA_STAR,2,SOLVED,6,D_CW R_CCW F_CCW U_CCW R_CCW B_CCW,8,96,,0
1,phase5c-timing-v1,phase5c-timing-v1,d6:C:23|X:2.2|Y:1.2|Z:3.0,6,BFS,2,SOLVED,6,D_CW R_CCW F_CCW U_CCW R_CCW B_CCW,28585,343020,,297
1,phase5c-timing-v1,phase5c-timing-v1,d6:C:23|X:2.2|Y:1.2|Z:3.0,6,IDA_STAR,3,SOLVED,6,D_CW R_CCW F_CCW U_CCW R_CCW B_CCW,8,96,,1
1,phase5c-timing-v1,phase5c-timing-v1,d6:C:23|X:2.2|Y:1.2|Z:3.0,6,BFS,3,SOLVED,6,D_CW R_CCW F_CCW U_CCW R_CCW B_CCW,28585,343020,,297
1,phase5c-timing-v1,phase5c-timing-v1,d6:C:23|X:2.2|Y:1.2|Z:3.0,6,BIDIRECTIONAL_BFS,3,SOLVED,6,F_CW D_CCW L_CCW R_CCW F_CCW R_CW,248,2976,,2
1,phase5c-timing-v1,phase5c-timing-v1,d6:C:23|X:2.2|Y:1.2|Z:3.0,6,BFS,4,SOLVED,6,D_CW R_CCW F_CCW U_CCW R_CCW B_CCW,28585,343020,,308
1,phase5c-timing-v1,phase5c-timing-v1,d6:C:23|X:2.2|Y:1.2|Z:3.0,6,BIDIRECTIONAL_BFS,4,SOLVED,6,F_CW D_CCW L_CCW R_CCW F_CCW R_CW,248,2976,,3
1,phase5c-timing-v1,phase5c-timing-v1,d6:C:23|X:2.2|Y:1.2|Z:3.0,6,IDA_STAR,4,SOLVED,6,D_CW R_CCW F_CCW U_CCW R_CCW B_CCW,8,96,,0
1,phase5c-timing-v1,phase5c-timing-v1,d6:C:4|X:3.0|Y:2.0|Z:1.1,6,BFS,0,SOLVED,6,U_CCW F_CW U_CW R_CW F_CW L_CW,25462,305544,,265
1,phase5c-timing-v1,phase5c-timing-v1,d6:C:4|X:3.0|Y:2.0|Z:1.1,6,BIDIRECTIONAL_BFS,0,SOLVED,6,U_CCW F_CW U_CW L_CW F_CW R_CW,248,2976,,3
1,phase5c-timing-v1,phase5c-timing-v1,d6:C:4|X:3.0|Y:2.0|Z:1.1,6,IDA_STAR,0,SOLVED,6,U_CCW F_CW U_CW R_CW F_CW L_CW,7,84,,0
1,phase5c-timing-v1,phase5c-timing-v1,d6:C:4|X:3.0|Y:2.0|Z:1.1,6,BIDIRECTIONAL_BFS,1,SOLVED,6,U_CCW F_CW U_CW L_CW F_CW R_CW,248,2976,,3
1,phase5c-timing-v1,phase5c-timing-v1,d6:C:4|X:3.0|Y:2.0|Z:1.1,6,IDA_STAR,1,SOLVED,6,U_CCW F_CW U_CW R_CW F_CW L_CW,7,84,,0
1,phase5c-timing-v1,phase5c-timing-v1,d6:C:4|X:3.0|Y:2.0|Z:1.1,6,BFS,1,SOLVED,6,U_CCW F_CW U_CW R_CW F_CW L_CW,25462,305544,,265
1,phase5c-timing-v1,phase5c-timing-v1,d6:C:4|X:3.0|Y:2.0|Z:1.1,6,IDA_STAR,2,SOLVED,6,U_CCW F_CW U_CW R_CW F_CW L_CW,7,84,,1
1,phase5c-timing-v1,phase5c-timing-v1,d6:C:4|X:3.0|Y:2.0|Z:1.1,6,BFS,2,SOLVED,6,U_CCW F_CW U_CW R_CW F_CW L_CW,25462,305544,,263
1,phase5c-timing-v1,phase5c-timing-v1,d6:C:4|X:3.0|Y:2.0|Z:1.1,6,BIDIRECTIONAL_BFS,2,SOLVED,6,U_CCW F_CW U_CW L_CW F_CW R_CW,248,2976,,3
1,phase5c-timing-v1,phase5c-timing-v1,d6:C:4|X:3.0|Y:2.0|Z:1.1,6,BFS,3,SOLVED,6,U_CCW F_CW U_CW R_CW F_CW L_CW,25462,305544,,271
1,phase5c-timing-v1,phase5c-timing-v1,d6:C:4|X:3.0|Y:2.0|Z:1.1,6,BIDIRECTIONAL_BFS,3,SOLVED,6,U_CCW F_CW U_CW L_CW F_CW R_CW,248,2976,,3
1,phase5c-timing-v1,phase5c-timing-v1,d6:C:4|X:3.0|Y:2.0|Z:1.1,6,IDA_STAR,3,SOLVED,6,U_CCW F_CW U_CW R_CW F_CW L_CW,7,84,,0
1,phase5c-timing-v1,phase5c-timing-v1,d6:C:4|X:3.0|Y:2.0|Z:1.1,6,BIDIRECTIONAL_BFS,4,SOLVED,6,U_CCW F_CW U_CW L_CW F_CW R_CW,248,2976,,4
1,phase5c-timing-v1,phase5c-timing-v1,d6:C:4|X:3.0|Y:2.0|Z:1.1,6,IDA_STAR,4,SOLVED,6,U_CCW F_CW U_CW R_CW F_CW L_CW,7,84,,0
1,phase5c-timing-v1,phase5c-timing-v1,d6:C:4|X:3.0|Y:2.0|Z:1.1,6,BFS,4,SOLVED,6,U_CCW F_CW U_CW R_CW F_CW L_CW,25462,305544,,265
1,phase5c-timing-v1,phase5c-timing-v1,d6:C:15|X:1.2|Y:2.1|Z:0.0,6,BIDIRECTIONAL_BFS,0,SOLVED,6,R_CCW B_CCW D_CCW D_CCW L_CW F_CCW,248,2976,,4
1,phase5c-timing-v1,phase5c-timing-v1,d6:C:15|X:1.2|Y:2.1|Z:0.0,6,IDA_STAR,0,SOLVED,6,R_CCW F_CCW U_CW U_CW L_CW B_CCW,15,180,,0
1,phase5c-timing-v1,phase5c-timing-v1,d6:C:15|X:1.2|Y:2.1|Z:0.0,6,BFS,0,SOLVED,6,R_CCW F_CCW U_CW U_CW L_CW B_CCW,32689,392268,,342
1,phase5c-timing-v1,phase5c-timing-v1,d6:C:15|X:1.2|Y:2.1|Z:0.0,6,IDA_STAR,1,SOLVED,6,R_CCW F_CCW U_CW U_CW L_CW B_CCW,15,180,,0
1,phase5c-timing-v1,phase5c-timing-v1,d6:C:15|X:1.2|Y:2.1|Z:0.0,6,BFS,1,SOLVED,6,R_CCW F_CCW U_CW U_CW L_CW B_CCW,32689,392268,,343
1,phase5c-timing-v1,phase5c-timing-v1,d6:C:15|X:1.2|Y:2.1|Z:0.0,6,BIDIRECTIONAL_BFS,1,SOLVED,6,R_CCW B_CCW D_CCW D_CCW L_CW F_CCW,248,2976,,3
1,phase5c-timing-v1,phase5c-timing-v1,d6:C:15|X:1.2|Y:2.1|Z:0.0,6,BFS,2,SOLVED,6,R_CCW F_CCW U_CW U_CW L_CW B_CCW,32689,392268,,340
1,phase5c-timing-v1,phase5c-timing-v1,d6:C:15|X:1.2|Y:2.1|Z:0.0,6,BIDIRECTIONAL_BFS,2,SOLVED,6,R_CCW B_CCW D_CCW D_CCW L_CW F_CCW,248,2976,,3
1,phase5c-timing-v1,phase5c-timing-v1,d6:C:15|X:1.2|Y:2.1|Z:0.0,6,IDA_STAR,2,SOLVED,6,R_CCW F_CCW U_CW U_CW L_CW B_CCW,15,180,,0
1,phase5c-timing-v1,phase5c-timing-v1,d6:C:15|X:1.2|Y:2.1|Z:0.0,6,BIDIRECTIONAL_BFS,3,SOLVED,6,R_CCW B_CCW D_CCW D_CCW L_CW F_CCW,248,2976,,3
1,phase5c-timing-v1,phase5c-timing-v1,d6:C:15|X:1.2|Y:2.1|Z:0.0,6,IDA_STAR,3,SOLVED,6,R_CCW F_CCW U_CW U_CW L_CW B_CCW,15,180,,0
1,phase5c-timing-v1,phase5c-timing-v1,d6:C:15|X:1.2|Y:2.1|Z:0.0,6,BFS,3,SOLVED,6,R_CCW F_CCW U_CW U_CW L_CW B_CCW,32689,392268,,340
1,phase5c-timing-v1,phase5c-timing-v1,d6:C:15|X:1.2|Y:2.1|Z:0.0,6,IDA_STAR,4,SOLVED,6,R_CCW F_CCW U_CW U_CW L_CW B_CCW,15,180,,0
1,phase5c-timing-v1,phase5c-timing-v1,d6:C:15|X:1.2|Y:2.1|Z:0.0,6,BFS,4,SOLVED,6,R_CCW F_CCW U_CW U_CW L_CW B_CCW,32689,392268,,357
1,phase5c-timing-v1,phase5c-timing-v1,d6:C:15|X:1.2|Y:2.1|Z:0.0,6,BIDIRECTIONAL_BFS,4,SOLVED,6,R_CCW B_CCW D_CCW D_CCW L_CW F_CCW,248,2976,,4
1,phase5c-timing-v1,phase5c-timing-v1,d6:C:16|X:3.2|Y:0.2|Z:2.2,6,IDA_STAR,0,SOLVED,6,U_CCW B_CW L_CW U_CCW B_CW L_CW,7,84,,0
1,phase5c-timing-v1,phase5c-timing-v1,d6:C:16|X:3.2|Y:0.2|Z:2.2,6,BFS,0,SOLVED,6,U_CCW B_CW L_CW U_CCW B_CW L_CW,26658,319896,,290
1,phase5c-timing-v1,phase5c-timing-v1,d6:C:16|X:3.2|Y:0.2|Z:2.2,6,BIDIRECTIONAL_BFS,0,SOLVED,6,U_CCW B_CW L_CW U_CCW B_CW L_CW,248,2976,,3
1,phase5c-timing-v1,phase5c-timing-v1,d6:C:16|X:3.2|Y:0.2|Z:2.2,6,BFS,1,SOLVED,6,U_CCW B_CW L_CW U_CCW B_CW L_CW,26658,319896,,282
1,phase5c-timing-v1,phase5c-timing-v1,d6:C:16|X:3.2|Y:0.2|Z:2.2,6,BIDIRECTIONAL_BFS,1,SOLVED,6,U_CCW B_CW L_CW U_CCW B_CW L_CW,248,2976,,3
1,phase5c-timing-v1,phase5c-timing-v1,d6:C:16|X:3.2|Y:0.2|Z:2.2,6,IDA_STAR,1,SOLVED,6,U_CCW B_CW L_CW U_CCW B_CW L_CW,7,84,,0
1,phase5c-timing-v1,phase5c-timing-v1,d6:C:16|X:3.2|Y:0.2|Z:2.2,6,BIDIRECTIONAL_BFS,2,SOLVED,6,U_CCW B_CW L_CW U_CCW B_CW L_CW,248,2976,,3
1,phase5c-timing-v1,phase5c-timing-v1,d6:C:16|X:3.2|Y:0.2|Z:2.2,6,IDA_STAR,2,SOLVED,6,U_CCW B_CW L_CW U_CCW B_CW L_CW,7,84,,0
1,phase5c-timing-v1,phase5c-timing-v1,d6:C:16|X:3.2|Y:0.2|Z:2.2,6,BFS,2,SOLVED,6,U_CCW B_CW L_CW U_CCW B_CW L_CW,26658,319896,,280
1,phase5c-timing-v1,phase5c-timing-v1,d6:C:16|X:3.2|Y:0.2|Z:2.2,6,IDA_STAR,3,SOLVED,6,U_CCW B_CW L_CW U_CCW B_CW L_CW,7,84,,0
1,phase5c-timing-v1,phase5c-timing-v1,d6:C:16|X:3.2|Y:0.2|Z:2.2,6,BFS,3,SOLVED,6,U_CCW B_CW L_CW U_CCW B_CW L_CW,26658,319896,,280
1,phase5c-timing-v1,phase5c-timing-v1,d6:C:16|X:3.2|Y:0.2|Z:2.2,6,BIDIRECTIONAL_BFS,3,SOLVED,6,U_CCW B_CW L_CW U_CCW B_CW L_CW,248,2976,,3
1,phase5c-timing-v1,phase5c-timing-v1,d6:C:16|X:3.2|Y:0.2|Z:2.2,6,BFS,4,SOLVED,6,U_CCW B_CW L_CW U_CCW B_CW L_CW,26658,319896,,281
1,phase5c-timing-v1,phase5c-timing-v1,d6:C:16|X:3.2|Y:0.2|Z:2.2,6,BIDIRECTIONAL_BFS,4,SOLVED,6,U_CCW B_CW L_CW U_CCW B_CW L_CW,248,2976,,2
1,phase5c-timing-v1,phase5c-timing-v1,d6:C:16|X:3.2|Y:0.2|Z:2.2,6,IDA_STAR,4,SOLVED,6,U_CCW B_CW L_CW U_CCW B_CW L_CW,7,84,,0
1,phase5c-timing-v1,phase5c-timing-v1,d7:C:21|X:1.0|Y:0.1|Z:3.2,7,BFS,0,SOLVED,7,U_CW D_CCW F_CW R_CCW F_CW L_CCW B_CW,36889,442668,,386
1,phase5c-timing-v1,phase5c-timing-v1,d7:C:21|X:1.0|Y:0.1|Z:3.2,7,BIDIRECTIONAL_BFS,0,SOLVED,7,U_CW D_CCW B_CW R_CW L_CCW F_CCW R_CW,1070,12840,,12
1,phase5c-timing-v1,phase5c-timing-v1,d7:C:21|X:1.0|Y:0.1|Z:3.2,7,IDA_STAR,0,SOLVED,7,U_CW D_CCW F_CW R_CCW F_CW L_CCW B_CW,14,168,,0
1,phase5c-timing-v1,phase5c-timing-v1,d7:C:21|X:1.0|Y:0.1|Z:3.2,7,BIDIRECTIONAL_BFS,1,SOLVED,7,U_CW D_CCW B_CW R_CW L_CCW F_CCW R_CW,1070,12840,,12
1,phase5c-timing-v1,phase5c-timing-v1,d7:C:21|X:1.0|Y:0.1|Z:3.2,7,IDA_STAR,1,SOLVED,7,U_CW D_CCW F_CW R_CCW F_CW L_CCW B_CW,14,168,,0
1,phase5c-timing-v1,phase5c-timing-v1,d7:C:21|X:1.0|Y:0.1|Z:3.2,7,BFS,1,SOLVED,7,U_CW D_CCW F_CW R_CCW F_CW L_CCW B_CW,36889,442668,,393
1,phase5c-timing-v1,phase5c-timing-v1,d7:C:21|X:1.0|Y:0.1|Z:3.2,7,IDA_STAR,2,SOLVED,7,U_CW D_CCW F_CW R_CCW F_CW L_CCW B_CW,14,168,,0
1,phase5c-timing-v1,phase5c-timing-v1,d7:C:21|X:1.0|Y:0.1|Z:3.2,7,BFS,2,SOLVED,7,U_CW D_CCW F_CW R_CCW F_CW L_CCW B_CW,36889,442668,,384
1,phase5c-timing-v1,phase5c-timing-v1,d7:C:21|X:1.0|Y:0.1|Z:3.2,7,BIDIRECTIONAL_BFS,2,SOLVED,7,U_CW D_CCW B_CW R_CW L_CCW F_CCW R_CW,1070,12840,,11
1,phase5c-timing-v1,phase5c-timing-v1,d7:C:21|X:1.0|Y:0.1|Z:3.2,7,BFS,3,SOLVED,7,U_CW D_CCW F_CW R_CCW F_CW L_CCW B_CW,36889,442668,,386
1,phase5c-timing-v1,phase5c-timing-v1,d7:C:21|X:1.0|Y:0.1|Z:3.2,7,BIDIRECTIONAL_BFS,3,SOLVED,7,U_CW D_CCW B_CW R_CW L_CCW F_CCW R_CW,1070,12840,,11
1,phase5c-timing-v1,phase5c-timing-v1,d7:C:21|X:1.0|Y:0.1|Z:3.2,7,IDA_STAR,3,SOLVED,7,U_CW D_CCW F_CW R_CCW F_CW L_CCW B_CW,14,168,,0
1,phase5c-timing-v1,phase5c-timing-v1,d7:C:21|X:1.0|Y:0.1|Z:3.2,7,BIDIRECTIONAL_BFS,4,SOLVED,7,U_CW D_CCW B_CW R_CW L_CCW F_CCW R_CW,1070,12840,,12
1,phase5c-timing-v1,phase5c-timing-v1,d7:C:21|X:1.0|Y:0.1|Z:3.2,7,IDA_STAR,4,SOLVED,7,U_CW D_CCW F_CW R_CCW F_CW L_CCW B_CW,14,168,,0
1,phase5c-timing-v1,phase5c-timing-v1,d7:C:21|X:1.0|Y:0.1|Z:3.2,7,BFS,4,SOLVED,7,U_CW D_CCW F_CW R_CCW F_CW L_CCW B_CW,36889,442668,,388
1,phase5c-timing-v1,phase5c-timing-v1,d7:C:22|X:0.0|Y:0.0|Z:3.0,7,BIDIRECTIONAL_BFS,0,SOLVED,7,U_CW L_CCW D_CW B_CCW L_CCW F_CCW R_CW,1070,12840,,12
1,phase5c-timing-v1,phase5c-timing-v1,d7:C:22|X:0.0|Y:0.0|Z:3.0,7,IDA_STAR,0,SOLVED,7,U_CW D_CCW F_CW R_CW U_CW F_CCW R_CCW,10,120,,0
1,phase5c-timing-v1,phase5c-timing-v1,d7:C:22|X:0.0|Y:0.0|Z:3.0,7,BFS,0,SOLVED,7,U_CW D_CCW F_CW R_CW U_CW F_CCW R_CCW,36783,441396,,394
1,phase5c-timing-v1,phase5c-timing-v1,d7:C:22|X:0.0|Y:0.0|Z:3.0,7,IDA_STAR,1,SOLVED,7,U_CW D_CCW F_CW R_CW U_CW F_CCW R_CCW,10,120,,1
1,phase5c-timing-v1,phase5c-timing-v1,d7:C:22|X:0.0|Y:0.0|Z:3.0,7,BFS,1,SOLVED,7,U_CW D_CCW F_CW R_CW U_CW F_CCW R_CCW,36783,441396,,390
1,phase5c-timing-v1,phase5c-timing-v1,d7:C:22|X:0.0|Y:0.0|Z:3.0,7,BIDIRECTIONAL_BFS,1,SOLVED,7,U_CW L_CCW D_CW B_CCW L_CCW F_CCW R_CW,1070,12840,,11
1,phase5c-timing-v1,phase5c-timing-v1,d7:C:22|X:0.0|Y:0.0|Z:3.0,7,BFS,2,SOLVED,7,U_CW D_CCW F_CW R_CW U_CW F_CCW R_CCW,36783,441396,,390
1,phase5c-timing-v1,phase5c-timing-v1,d7:C:22|X:0.0|Y:0.0|Z:3.0,7,BIDIRECTIONAL_BFS,2,SOLVED,7,U_CW L_CCW D_CW B_CCW L_CCW F_CCW R_CW,1070,12840,,12
1,phase5c-timing-v1,phase5c-timing-v1,d7:C:22|X:0.0|Y:0.0|Z:3.0,7,IDA_STAR,2,SOLVED,7,U_CW D_CCW F_CW R_CW U_CW F_CCW R_CCW,10,120,,0
1,phase5c-timing-v1,phase5c-timing-v1,d7:C:22|X:0.0|Y:0.0|Z:3.0,7,BIDIRECTIONAL_BFS,3,SOLVED,7,U_CW L_CCW D_CW B_CCW L_CCW F_CCW R_CW,1070,12840,,12
1,phase5c-timing-v1,phase5c-timing-v1,d7:C:22|X:0.0|Y:0.0|Z:3.0,7,IDA_STAR,3,SOLVED,7,U_CW D_CCW F_CW R_CW U_CW F_CCW R_CCW,10,120,,0
1,phase5c-timing-v1,phase5c-timing-v1,d7:C:22|X:0.0|Y:0.0|Z:3.0,7,BFS,3,SOLVED,7,U_CW D_CCW F_CW R_CW U_CW F_CCW R_CCW,36783,441396,,384
1,phase5c-timing-v1,phase5c-timing-v1,d7:C:22|X:0.0|Y:0.0|Z:3.0,7,IDA_STAR,4,SOLVED,7,U_CW D_CCW F_CW R_CW U_CW F_CCW R_CCW,10,120,,0
1,phase5c-timing-v1,phase5c-timing-v1,d7:C:22|X:0.0|Y:0.0|Z:3.0,7,BFS,4,SOLVED,7,U_CW D_CCW F_CW R_CW U_CW F_CCW R_CCW,36783,441396,,457
1,phase5c-timing-v1,phase5c-timing-v1,d7:C:22|X:0.0|Y:0.0|Z:3.0,7,BIDIRECTIONAL_BFS,4,SOLVED,7,U_CW L_CCW D_CW B_CCW L_CCW F_CCW R_CW,1070,12840,,12
1,phase5c-timing-v1,phase5c-timing-v1,d7:C:22|X:3.0|Y:2.0|Z:2.2,7,IDA_STAR,0,SOLVED,7,U_CW U_CW B_CW R_CW U_CW B_CW L_CW,8,96,,0
1,phase5c-timing-v1,phase5c-timing-v1,d7:C:22|X:3.0|Y:2.0|Z:2.2,7,BFS,0,SOLVED,7,U_CW U_CW B_CW R_CW U_CW B_CW L_CW,34468,413616,,391
1,phase5c-timing-v1,phase5c-timing-v1,d7:C:22|X:3.0|Y:2.0|Z:2.2,7,BIDIRECTIONAL_BFS,0,SOLVED,7,U_CCW R_CW U_CW F_CCW L_CCW B_CW R_CW,1070,12840,,11
1,phase5c-timing-v1,phase5c-timing-v1,d7:C:22|X:3.0|Y:2.0|Z:2.2,7,BFS,1,SOLVED,7,U_CW U_CW B_CW R_CW U_CW B_CW L_CW,34468,413616,,369
1,phase5c-timing-v1,phase5c-timing-v1,d7:C:22|X:3.0|Y:2.0|Z:2.2,7,BIDIRECTIONAL_BFS,1,SOLVED,7,U_CCW R_CW U_CW F_CCW L_CCW B_CW R_CW,1070,12840,,13
1,phase5c-timing-v1,phase5c-timing-v1,d7:C:22|X:3.0|Y:2.0|Z:2.2,7,IDA_STAR,1,SOLVED,7,U_CW U_CW B_CW R_CW U_CW B_CW L_CW,8,96,,1
1,phase5c-timing-v1,phase5c-timing-v1,d7:C:22|X:3.0|Y:2.0|Z:2.2,7,BIDIRECTIONAL_BFS,2,SOLVED,7,U_CCW R_CW U_CW F_CCW L_CCW B_CW R_CW,1070,12840,,11
1,phase5c-timing-v1,phase5c-timing-v1,d7:C:22|X:3.0|Y:2.0|Z:2.2,7,IDA_STAR,2,SOLVED,7,U_CW U_CW B_CW R_CW U_CW B_CW L_CW,8,96,,0
1,phase5c-timing-v1,phase5c-timing-v1,d7:C:22|X:3.0|Y:2.0|Z:2.2,7,BFS,2,SOLVED,7,U_CW U_CW B_CW R_CW U_CW B_CW L_CW,34468,413616,,359
1,phase5c-timing-v1,phase5c-timing-v1,d7:C:22|X:3.0|Y:2.0|Z:2.2,7,IDA_STAR,3,SOLVED,7,U_CW U_CW B_CW R_CW U_CW B_CW L_CW,8,96,,0
1,phase5c-timing-v1,phase5c-timing-v1,d7:C:22|X:3.0|Y:2.0|Z:2.2,7,BFS,3,SOLVED,7,U_CW U_CW B_CW R_CW U_CW B_CW L_CW,34468,413616,,369
1,phase5c-timing-v1,phase5c-timing-v1,d7:C:22|X:3.0|Y:2.0|Z:2.2,7,BIDIRECTIONAL_BFS,3,SOLVED,7,U_CCW R_CW U_CW F_CCW L_CCW B_CW R_CW,1070,12840,,11
1,phase5c-timing-v1,phase5c-timing-v1,d7:C:22|X:3.0|Y:2.0|Z:2.2,7,BFS,4,SOLVED,7,U_CW U_CW B_CW R_CW U_CW B_CW L_CW,34468,413616,,370
1,phase5c-timing-v1,phase5c-timing-v1,d7:C:22|X:3.0|Y:2.0|Z:2.2,7,BIDIRECTIONAL_BFS,4,SOLVED,7,U_CCW R_CW U_CW F_CCW L_CCW B_CW R_CW,1070,12840,,11
1,phase5c-timing-v1,phase5c-timing-v1,d7:C:22|X:3.0|Y:2.0|Z:2.2,7,IDA_STAR,4,SOLVED,7,U_CW U_CW B_CW R_CW U_CW B_CW L_CW,8,96,,1
1,phase5c-timing-v1,phase5c-timing-v1,d7:C:2|X:3.0|Y:0.0|Z:3.2,7,BFS,0,SOLVED,7,U_CW U_CW F_CCW R_CW L_CW U_CW B_CW,34300,411600,,359
1,phase5c-timing-v1,phase5c-timing-v1,d7:C:2|X:3.0|Y:0.0|Z:3.2,7,BIDIRECTIONAL_BFS,0,SOLVED,7,U_CW R_CW B_CW D_CW R_CW B_CW L_CCW,1070,12840,,11
1,phase5c-timing-v1,phase5c-timing-v1,d7:C:2|X:3.0|Y:0.0|Z:3.2,7,IDA_STAR,0,SOLVED,7,U_CW U_CW F_CCW R_CW L_CW U_CW B_CW,8,96,,1
1,phase5c-timing-v1,phase5c-timing-v1,d7:C:2|X:3.0|Y:0.0|Z:3.2,7,BIDIRECTIONAL_BFS,1,SOLVED,7,U_CW R_CW B_CW D_CW R_CW B_CW L_CCW,1070,12840,,11
1,phase5c-timing-v1,phase5c-timing-v1,d7:C:2|X:3.0|Y:0.0|Z:3.2,7,IDA_STAR,1,SOLVED,7,U_CW U_CW F_CCW R_CW L_CW U_CW B_CW,8,96,,0
1,phase5c-timing-v1,phase5c-timing-v1,d7:C:2|X:3.0|Y:0.0|Z:3.2,7,BFS,1,SOLVED,7,U_CW U_CW F_CCW R_CW L_CW U_CW B_CW,34300,411600,,397
1,phase5c-timing-v1,phase5c-timing-v1,d7:C:2|X:3.0|Y:0.0|Z:3.2,7,IDA_STAR,2,SOLVED,7,U_CW U_CW F_CCW R_CW L_CW U_CW B_CW,8,96,,0
1,phase5c-timing-v1,phase5c-timing-v1,d7:C:2|X:3.0|Y:0.0|Z:3.2,7,BFS,2,SOLVED,7,U_CW U_CW F_CCW R_CW L_CW U_CW B_CW,34300,411600,,364
1,phase5c-timing-v1,phase5c-timing-v1,d7:C:2|X:3.0|Y:0.0|Z:3.2,7,BIDIRECTIONAL_BFS,2,SOLVED,7,U_CW R_CW B_CW D_CW R_CW B_CW L_CCW,1070,12840,,11
1,phase5c-timing-v1,phase5c-timing-v1,d7:C:2|X:3.0|Y:0.0|Z:3.2,7,BFS,3,SOLVED,7,U_CW U_CW F_CCW R_CW L_CW U_CW B_CW,34300,411600,,359
1,phase5c-timing-v1,phase5c-timing-v1,d7:C:2|X:3.0|Y:0.0|Z:3.2,7,BIDIRECTIONAL_BFS,3,SOLVED,7,U_CW R_CW B_CW D_CW R_CW B_CW L_CCW,1070,12840,,12
1,phase5c-timing-v1,phase5c-timing-v1,d7:C:2|X:3.0|Y:0.0|Z:3.2,7,IDA_STAR,3,SOLVED,7,U_CW U_CW F_CCW R_CW L_CW U_CW B_CW,8,96,,0
1,phase5c-timing-v1,phase5c-timing-v1,d7:C:2|X:3.0|Y:0.0|Z:3.2,7,BIDIRECTIONAL_BFS,4,SOLVED,7,U_CW R_CW B_CW D_CW R_CW B_CW L_CCW,1070,12840,,11
1,phase5c-timing-v1,phase5c-timing-v1,d7:C:2|X:3.0|Y:0.0|Z:3.2,7,IDA_STAR,4,SOLVED,7,U_CW U_CW F_CCW R_CW L_CW U_CW B_CW,8,96,,1
1,phase5c-timing-v1,phase5c-timing-v1,d7:C:2|X:3.0|Y:0.0|Z:3.2,7,BFS,4,SOLVED,7,U_CW U_CW F_CCW R_CW L_CW U_CW B_CW,34300,411600,,356
1,phase5c-timing-v1,phase5c-timing-v1,d7:C:9|X:2.0|Y:1.1|Z:3.2,7,BIDIRECTIONAL_BFS,0,SOLVED,7,R_CCW D_CCW L_CW U_CW F_CCW L_CW B_CW,1070,12840,,12
1,phase5c-timing-v1,phase5c-timing-v1,d7:C:9|X:2.0|Y:1.1|Z:3.2,7,IDA_STAR,0,SOLVED,7,U_CW R_CCW U_CCW U_CCW F_CCW L_CCW B_CW,24,288,,0
1,phase5c-timing-v1,phase5c-timing-v1,d7:C:9|X:2.0|Y:1.1|Z:3.2,7,BFS,0,SOLVED,7,U_CW R_CCW U_CCW U_CCW F_CCW L_CCW B_CW,40384,484608,,422
1,phase5c-timing-v1,phase5c-timing-v1,d7:C:9|X:2.0|Y:1.1|Z:3.2,7,IDA_STAR,1,SOLVED,7,U_CW R_CCW U_CCW U_CCW F_CCW L_CCW B_CW,24,288,,0
1,phase5c-timing-v1,phase5c-timing-v1,d7:C:9|X:2.0|Y:1.1|Z:3.2,7,BFS,1,SOLVED,7,U_CW R_CCW U_CCW U_CCW F_CCW L_CCW B_CW,40384,484608,,430
1,phase5c-timing-v1,phase5c-timing-v1,d7:C:9|X:2.0|Y:1.1|Z:3.2,7,BIDIRECTIONAL_BFS,1,SOLVED,7,R_CCW D_CCW L_CW U_CW F_CCW L_CW B_CW,1070,12840,,16
1,phase5c-timing-v1,phase5c-timing-v1,d7:C:9|X:2.0|Y:1.1|Z:3.2,7,BFS,2,SOLVED,7,U_CW R_CCW U_CCW U_CCW F_CCW L_CCW B_CW,40384,484608,,434
1,phase5c-timing-v1,phase5c-timing-v1,d7:C:9|X:2.0|Y:1.1|Z:3.2,7,BIDIRECTIONAL_BFS,2,SOLVED,7,R_CCW D_CCW L_CW U_CW F_CCW L_CW B_CW,1070,12840,,12
1,phase5c-timing-v1,phase5c-timing-v1,d7:C:9|X:2.0|Y:1.1|Z:3.2,7,IDA_STAR,2,SOLVED,7,U_CW R_CCW U_CCW U_CCW F_CCW L_CCW B_CW,24,288,,0
1,phase5c-timing-v1,phase5c-timing-v1,d7:C:9|X:2.0|Y:1.1|Z:3.2,7,BIDIRECTIONAL_BFS,3,SOLVED,7,R_CCW D_CCW L_CW U_CW F_CCW L_CW B_CW,1070,12840,,12
1,phase5c-timing-v1,phase5c-timing-v1,d7:C:9|X:2.0|Y:1.1|Z:3.2,7,IDA_STAR,3,SOLVED,7,U_CW R_CCW U_CCW U_CCW F_CCW L_CCW B_CW,24,288,,0
1,phase5c-timing-v1,phase5c-timing-v1,d7:C:9|X:2.0|Y:1.1|Z:3.2,7,BFS,3,SOLVED,7,U_CW R_CCW U_CCW U_CCW F_CCW L_CCW B_CW,40384,484608,,425
1,phase5c-timing-v1,phase5c-timing-v1,d7:C:9|X:2.0|Y:1.1|Z:3.2,7,IDA_STAR,4,SOLVED,7,U_CW R_CCW U_CCW U_CCW F_CCW L_CCW B_CW,24,288,,0
1,phase5c-timing-v1,phase5c-timing-v1,d7:C:9|X:2.0|Y:1.1|Z:3.2,7,BFS,4,SOLVED,7,U_CW R_CCW U_CCW U_CCW F_CCW L_CCW B_CW,40384,484608,,425
1,phase5c-timing-v1,phase5c-timing-v1,d7:C:9|X:2.0|Y:1.1|Z:3.2,7,BIDIRECTIONAL_BFS,4,SOLVED,7,R_CCW D_CCW L_CW U_CW F_CCW L_CW B_CW,1070,12840,,11
1,phase5c-timing-v1,phase5c-timing-v1,d7:C:6|X:1.1|Y:2.1|Z:3.0,7,IDA_STAR,0,SOLVED,7,U_CW R_CW U_CCW F_CW B_CW U_CCW L_CCW,15,180,,0
1,phase5c-timing-v1,phase5c-timing-v1,d7:C:6|X:1.1|Y:2.1|Z:3.0,7,BFS,0,SOLVED,7,U_CW R_CW U_CCW F_CW B_CW U_CCW L_CCW,40052,480624,,418
1,phase5c-timing-v1,phase5c-timing-v1,d7:C:6|X:1.1|Y:2.1|Z:3.0,7,BIDIRECTIONAL_BFS,0,SOLVED,7,B_CCW D_CW R_CW L_CCW D_CW F_CCW U_CW,1070,12840,,12
1,phase5c-timing-v1,phase5c-timing-v1,d7:C:6|X:1.1|Y:2.1|Z:3.0,7,BFS,1,SOLVED,7,U_CW R_CW U_CCW F_CW B_CW U_CCW L_CCW,40052,480624,,425
1,phase5c-timing-v1,phase5c-timing-v1,d7:C:6|X:1.1|Y:2.1|Z:3.0,7,BIDIRECTIONAL_BFS,1,SOLVED,7,B_CCW D_CW R_CW L_CCW D_CW F_CCW U_CW,1070,12840,,11
1,phase5c-timing-v1,phase5c-timing-v1,d7:C:6|X:1.1|Y:2.1|Z:3.0,7,IDA_STAR,1,SOLVED,7,U_CW R_CW U_CCW F_CW B_CW U_CCW L_CCW,15,180,,1
1,phase5c-timing-v1,phase5c-timing-v1,d7:C:6|X:1.1|Y:2.1|Z:3.0,7,BIDIRECTIONAL_BFS,2,SOLVED,7,B_CCW D_CW R_CW L_CCW D_CW F_CCW U_CW,1070,12840,,11
1,phase5c-timing-v1,phase5c-timing-v1,d7:C:6|X:1.1|Y:2.1|Z:3.0,7,IDA_STAR,2,SOLVED,7,U_CW R_CW U_CCW F_CW B_CW U_CCW L_CCW,15,180,,0
1,phase5c-timing-v1,phase5c-timing-v1,d7:C:6|X:1.1|Y:2.1|Z:3.0,7,BFS,2,SOLVED,7,U_CW R_CW U_CCW F_CW B_CW U_CCW L_CCW,40052,480624,,419
1,phase5c-timing-v1,phase5c-timing-v1,d7:C:6|X:1.1|Y:2.1|Z:3.0,7,IDA_STAR,3,SOLVED,7,U_CW R_CW U_CCW F_CW B_CW U_CCW L_CCW,15,180,,1
1,phase5c-timing-v1,phase5c-timing-v1,d7:C:6|X:1.1|Y:2.1|Z:3.0,7,BFS,3,SOLVED,7,U_CW R_CW U_CCW F_CW B_CW U_CCW L_CCW,40052,480624,,417
1,phase5c-timing-v1,phase5c-timing-v1,d7:C:6|X:1.1|Y:2.1|Z:3.0,7,BIDIRECTIONAL_BFS,3,SOLVED,7,B_CCW D_CW R_CW L_CCW D_CW F_CCW U_CW,1070,12840,,12
1,phase5c-timing-v1,phase5c-timing-v1,d7:C:6|X:1.1|Y:2.1|Z:3.0,7,BFS,4,SOLVED,7,U_CW R_CW U_CCW F_CW B_CW U_CCW L_CCW,40052,480624,,420
1,phase5c-timing-v1,phase5c-timing-v1,d7:C:6|X:1.1|Y:2.1|Z:3.0,7,BIDIRECTIONAL_BFS,4,SOLVED,7,B_CCW D_CW R_CW L_CCW D_CW F_CCW U_CW,1070,12840,,11
1,phase5c-timing-v1,phase5c-timing-v1,d7:C:6|X:1.1|Y:2.1|Z:3.0,7,IDA_STAR,4,SOLVED,7,U_CW R_CW U_CCW F_CW B_CW U_CCW L_CCW,15,180,,0
1,phase5c-timing-v1,phase5c-timing-v1,d7:C:5|X:3.2|Y:1.0|Z:0.2,7,BFS,0,SOLVED,7,U_CW U_CW F_CCW B_CW R_CCW D_CCW L_CW,34228,410736,,357
1,phase5c-timing-v1,phase5c-timing-v1,d7:C:5|X:3.2|Y:1.0|Z:0.2,7,BIDIRECTIONAL_BFS,0,SOLVED,7,U_CCW F_CCW L_CCW D_CCW R_CCW F_CCW R_CW,1070,12840,,12
1,phase5c-timing-v1,phase5c-timing-v1,d7:C:5|X:3.2|Y:1.0|Z:0.2,7,IDA_STAR,0,SOLVED,7,U_CW U_CW F_CCW B_CW R_CCW D_CCW L_CW,8,96,,0
1,phase5c-timing-v1,phase5c-timing-v1,d7:C:5|X:3.2|Y:1.0|Z:0.2,7,BIDIRECTIONAL_BFS,1,SOLVED,7,U_CCW F_CCW L_CCW D_CCW R_CCW F_CCW R_CW,1070,12840,,11
1,phase5c-timing-v1,phase5c-timing-v1,d7:C:5|X:3.2|Y:1.0|Z:0.2,7,IDA_STAR,1,SOLVED,7,U_CW U_CW F_CCW B_CW R_CCW D_CCW L_CW,8,96,,1
1,phase5c-timing-v1,phase5c-timing-v1,d7:C:5|X:3.2|Y:1.0|Z:0.2,7,BFS,1,SOLVED,7,U_CW U_CW F_CCW B_CW R_CCW D_CCW L_CW,34228,410736,,363
1,phase5c-timing-v1,phase5c-timing-v1,d7:C:5|X:3.2|Y:1.0|Z:0.2,7,IDA_STAR,2,SOLVED,7,U_CW U_CW F_CCW B_CW R_CCW D_CCW L_CW,8,96,,0
1,phase5c-timing-v1,phase5c-timing-v1,d7:C:5|X:3.2|Y:1.0|Z:0.2,7,BFS,2,SOLVED,7,U_CW U_CW F_CCW B_CW R_CCW D_CCW L_CW,34228,410736,,382
1,phase5c-timing-v1,phase5c-timing-v1,d7:C:5|X:3.2|Y:1.0|Z:0.2,7,BIDIRECTIONAL_BFS,2,SOLVED,7,U_CCW F_CCW L_CCW D_CCW R_CCW F_CCW R_CW,1070,12840,,12
1,phase5c-timing-v1,phase5c-timing-v1,d7:C:5|X:3.2|Y:1.0|Z:0.2,7,BFS,3,SOLVED,7,U_CW U_CW F_CCW B_CW R_CCW D_CCW L_CW,34228,410736,,362
1,phase5c-timing-v1,phase5c-timing-v1,d7:C:5|X:3.2|Y:1.0|Z:0.2,7,BIDIRECTIONAL_BFS,3,SOLVED,7,U_CCW F_CCW L_CCW D_CCW R_CCW F_CCW R_CW,1070,12840,,11
1,phase5c-timing-v1,phase5c-timing-v1,d7:C:5|X:3.2|Y:1.0|Z:0.2,7,IDA_STAR,3,SOLVED,7,U_CW U_CW F_CCW B_CW R_CCW D_CCW L_CW,8,96,,0
1,phase5c-timing-v1,phase5c-timing-v1,d7:C:5|X:3.2|Y:1.0|Z:0.2,7,BIDIRECTIONAL_BFS,4,SOLVED,7,U_CCW F_CCW L_CCW D_CCW R_CCW F_CCW R_CW,1070,12840,,12
1,phase5c-timing-v1,phase5c-timing-v1,d7:C:5|X:3.2|Y:1.0|Z:0.2,7,IDA_STAR,4,SOLVED,7,U_CW U_CW F_CCW B_CW R_CCW D_CCW L_CW,8,96,,0
1,phase5c-timing-v1,phase5c-timing-v1,d7:C:5|X:3.2|Y:1.0|Z:0.2,7,BFS,4,SOLVED,7,U_CW U_CW F_CCW B_CW R_CCW D_CCW L_CW,34228,410736,,360
1,phase5c-timing-v1,phase5c-timing-v1,d7:C:5|X:0.0|Y:1.2|Z:1.0,7,BIDIRECTIONAL_BFS,0,SOLVED,7,U_CCW B_CCW L_CCW U_CCW B_CCW R_CCW F_CW,1070,12840,,12
1,phase5c-timing-v1,phase5c-timing-v1,d7:C:5|X:0.0|Y:1.2|Z:1.0,7,IDA_STAR,0,SOLVED,7,U_CW U_CW R_CW F_CW B_CW U_CCW R_CCW,8,96,,0
1,phase5c-timing-v1,phase5c-timing-v1,d7:C:5|X:0.0|Y:1.2|Z:1.0,7,BFS,0,SOLVED,7,U_CW U_CW R_CW F_CW B_CW U_CCW R_CCW,34831,417972,,400
1,phase5c-timing-v1,phase5c-timing-v1,d7:C:5|X:0.0|Y:1.2|Z:1.0,7,IDA_STAR,1,SOLVED,7,U_CW U_CW R_CW F_CW B_CW U_CCW R_CCW,8,96,,1
1,phase5c-timing-v1,phase5c-timing-v1,d7:C:5|X:0.0|Y:1.2|Z:1.0,7,BFS,1,SOLVED,7,U_CW U_CW R_CW F_CW B_CW U_CCW R_CCW,34831,417972,,376
1,phase5c-timing-v1,phase5c-timing-v1,d7:C:5|X:0.0|Y:1.2|Z:1.0,7,BIDIRECTIONAL_BFS,1,SOLVED,7,U_CCW B_CCW L_CCW U_CCW B_CCW R_CCW F_CW,1070,12840,,11
1,phase5c-timing-v1,phase5c-timing-v1,d7:C:5|X:0.0|Y:1.2|Z:1.0,7,BFS,2,SOLVED,7,U_CW U_CW R_CW F_CW B_CW U_CCW R_CCW,34831,417972,,375
1,phase5c-timing-v1,phase5c-timing-v1,d7:C:5|X:0.0|Y:1.2|Z:1.0,7,BIDIRECTIONAL_BFS,2,SOLVED,7,U_CCW B_CCW L_CCW U_CCW B_CCW R_CCW F_CW,1070,12840,,12
1,phase5c-timing-v1,phase5c-timing-v1,d7:C:5|X:0.0|Y:1.2|Z:1.0,7,IDA_STAR,2,SOLVED,7,U_CW U_CW R_CW F_CW B_CW U_CCW R_CCW,8,96,,0
1,phase5c-timing-v1,phase5c-timing-v1,d7:C:5|X:0.0|Y:1.2|Z:1.0,7,BIDIRECTIONAL_BFS,3,SOLVED,7,U_CCW B_CCW L_CCW U_CCW B_CCW R_CCW F_CW,1070,12840,,11
1,phase5c-timing-v1,phase5c-timing-v1,d7:C:5|X:0.0|Y:1.2|Z:1.0,7,IDA_STAR,3,SOLVED,7,U_CW U_CW R_CW F_CW B_CW U_CCW R_CCW,8,96,,1
1,phase5c-timing-v1,phase5c-timing-v1,d7:C:5|X:0.0|Y:1.2|Z:1.0,7,BFS,3,SOLVED,7,U_CW U_CW R_CW F_CW B_CW U_CCW R_CCW,34831,417972,,364
1,phase5c-timing-v1,phase5c-timing-v1,d7:C:5|X:0.0|Y:1.2|Z:1.0,7,IDA_STAR,4,SOLVED,7,U_CW U_CW R_CW F_CW B_CW U_CCW R_CCW,8,96,,0
1,phase5c-timing-v1,phase5c-timing-v1,d7:C:5|X:0.0|Y:1.2|Z:1.0,7,BFS,4,SOLVED,7,U_CW U_CW R_CW F_CW B_CW U_CCW R_CCW,34831,417972,,364
1,phase5c-timing-v1,phase5c-timing-v1,d7:C:5|X:0.0|Y:1.2|Z:1.0,7,BIDIRECTIONAL_BFS,4,SOLVED,7,U_CCW B_CCW L_CCW U_CCW B_CCW R_CCW F_CW,1070,12840,,11
1,phase5c-timing-v1,phase5c-timing-v1,d8:C:0|X:3.1|Y:3.1|Z:3.1,8,IDA_STAR,0,SOLVED,8,U_CW F_CW U_CW U_CW F_CW R_CW R_CW D_CW,41,492,,1
1,phase5c-timing-v1,phase5c-timing-v1,d8:C:0|X:3.1|Y:3.1|Z:3.1,8,BFS,0,SOLVED,8,U_CW F_CW U_CW U_CW F_CW R_CW R_CW D_CW,41240,494880,,487
1,phase5c-timing-v1,phase5c-timing-v1,d8:C:0|X:3.1|Y:3.1|Z:3.1,8,BIDIRECTIONAL_BFS,0,SOLVED,8,F_CW U_CW R_CCW B_CW R_CW D_CCW B_CW R_CCW,1892,22704,,20
1,phase5c-timing-v1,phase5c-timing-v1,d8:C:0|X:3.1|Y:3.1|Z:3.1,8,BFS,1,SOLVED,8,U_CW F_CW U_CW U_CW F_CW R_CW R_CW D_CW,41240,494880,,431
1,phase5c-timing-v1,phase5c-timing-v1,d8:C:0|X:3.1|Y:3.1|Z:3.1,8,BIDIRECTIONAL_BFS,1,SOLVED,8,F_CW U_CW R_CCW B_CW R_CW D_CCW B_CW R_CCW,1892,22704,,20
1,phase5c-timing-v1,phase5c-timing-v1,d8:C:0|X:3.1|Y:3.1|Z:3.1,8,IDA_STAR,1,SOLVED,8,U_CW F_CW U_CW U_CW F_CW R_CW R_CW D_CW,41,492,,1
1,phase5c-timing-v1,phase5c-timing-v1,d8:C:0|X:3.1|Y:3.1|Z:3.1,8,BIDIRECTIONAL_BFS,2,SOLVED,8,F_CW U_CW R_CCW B_CW R_CW D_CCW B_CW R_CCW,1892,22704,,21
1,phase5c-timing-v1,phase5c-timing-v1,d8:C:0|X:3.1|Y:3.1|Z:3.1,8,IDA_STAR,2,SOLVED,8,U_CW F_CW U_CW U_CW F_CW R_CW R_CW D_CW,41,492,,1
1,phase5c-timing-v1,phase5c-timing-v1,d8:C:0|X:3.1|Y:3.1|Z:3.1,8,BFS,2,SOLVED,8,U_CW F_CW U_CW U_CW F_CW R_CW R_CW D_CW,41240,494880,,452
1,phase5c-timing-v1,phase5c-timing-v1,d8:C:0|X:3.1|Y:3.1|Z:3.1,8,IDA_STAR,3,SOLVED,8,U_CW F_CW U_CW U_CW F_CW R_CW R_CW D_CW,41,492,,0
1,phase5c-timing-v1,phase5c-timing-v1,d8:C:0|X:3.1|Y:3.1|Z:3.1,8,BFS,3,SOLVED,8,U_CW F_CW U_CW U_CW F_CW R_CW R_CW D_CW,41240,494880,,443
1,phase5c-timing-v1,phase5c-timing-v1,d8:C:0|X:3.1|Y:3.1|Z:3.1,8,BIDIRECTIONAL_BFS,3,SOLVED,8,F_CW U_CW R_CCW B_CW R_CW D_CCW B_CW R_CCW,1892,22704,,20
1,phase5c-timing-v1,phase5c-timing-v1,d8:C:0|X:3.1|Y:3.1|Z:3.1,8,BFS,4,SOLVED,8,U_CW F_CW U_CW U_CW F_CW R_CW R_CW D_CW,41240,494880,,434
1,phase5c-timing-v1,phase5c-timing-v1,d8:C:0|X:3.1|Y:3.1|Z:3.1,8,BIDIRECTIONAL_BFS,4,SOLVED,8,F_CW U_CW R_CCW B_CW R_CW D_CCW B_CW R_CCW,1892,22704,,21
1,phase5c-timing-v1,phase5c-timing-v1,d8:C:0|X:3.1|Y:3.1|Z:3.1,8,IDA_STAR,4,SOLVED,8,U_CW F_CW U_CW U_CW F_CW R_CW R_CW D_CW,41,492,,0
1,phase5c-timing-v1,phase5c-timing-v1,d8:C:0|X:1.0|Y:1.1|Z:1.1,8,BFS,0,SOLVED,8,U_CW F_CW U_CCW F_CCW D_CW R_CW L_CW B_CW,41380,496560,,439
1,phase5c-timing-v1,phase5c-timing-v1,d8:C:0|X:1.0|Y:1.1|Z:1.1,8,BIDIRECTIONAL_BFS,0,SOLVED,8,L_CW F_CW D_CW L_CW D_CCW B_CCW L_CW U_CCW,1892,22704,,21
1,phase5c-timing-v1,phase5c-timing-v1,d8:C:0|X:1.0|Y:1.1|Z:1.1,8,IDA_STAR,0,SOLVED,8,U_CW F_CW U_CCW F_CCW D_CW R_CW L_CW B_CW,45,540,,1
1,phase5c-timing-v1,phase5c-timing-v1,d8:C:0|X:1.0|Y:1.1|Z:1.1,8,BIDIRECTIONAL_BFS,1,SOLVED,8,L_CW F_CW D_CW L_CW D_CCW B_CCW L_CW U_CCW,1892,22704,,20
1,phase5c-timing-v1,phase5c-timing-v1,d8:C:0|X:1.0|Y:1.1|Z:1.1,8,IDA_STAR,1,SOLVED,8,U_CW F_CW U_CCW F_CCW D_CW R_CW L_CW B_CW,45,540,,0
1,phase5c-timing-v1,phase5c-timing-v1,d8:C:0|X:1.0|Y:1.1|Z:1.1,8,BFS,1,SOLVED,8,U_CW F_CW U_CCW F_CCW D_CW R_CW L_CW B_CW,41380,496560,,450
1,phase5c-timing-v1,phase5c-timing-v1,d8:C:0|X:1.0|Y:1.1|Z:1.1,8,IDA_STAR,2,SOLVED,8,U_CW F_CW U_CCW F_CCW D_CW R_CW L_CW B_CW,45,540,,1
1,phase5c-timing-v1,phase5c-timing-v1,d8:C:0|X:1.0|Y:1.1|Z:1.1,8,BFS,2,SOLVED,8,U_CW F_CW U_CCW F_CCW D_CW R_CW L_CW B_CW,41380,496560,,432
1,phase5c-timing-v1,phase5c-timing-v1,d8:C:0|X:1.0|Y:1.1|Z:1.1,8,BIDIRECTIONAL_BFS,2,SOLVED,8,L_CW F_CW D_CW L_CW D_CCW B_CCW L_CW U_CCW,1892,22704,,21
1,phase5c-timing-v1,phase5c-timing-v1,d8:C:0|X:1.0|Y:1.1|Z:1.1,8,BFS,3,SOLVED,8,U_CW F_CW U_CCW F_CCW D_CW R_CW L_CW B_CW,41380,496560,,434
1,phase5c-timing-v1,phase5c-timing-v1,d8:C:0|X:1.0|Y:1.1|Z:1.1,8,BIDIRECTIONAL_BFS,3,SOLVED,8,L_CW F_CW D_CW L_CW D_CCW B_CCW L_CW U_CCW,1892,22704,,21
1,phase5c-timing-v1,phase5c-timing-v1,d8:C:0|X:1.0|Y:1.1|Z:1.1,8,IDA_STAR,3,SOLVED,8,U_CW F_CW U_CCW F_CCW D_CW R_CW L_CW B_CW,45,540,,0
1,phase5c-timing-v1,phase5c-timing-v1,d8:C:0|X:1.0|Y:1.1|Z:1.1,8,BIDIRECTIONAL_BFS,4,SOLVED,8,L_CW F_CW D_CW L_CW D_CCW B_CCW L_CW U_CCW,1892,22704,,21
1,phase5c-timing-v1,phase5c-timing-v1,d8:C:0|X:1.0|Y:1.1|Z:1.1,8,IDA_STAR,4,SOLVED,8,U_CW F_CW U_CCW F_CCW D_CW R_CW L_CW B_CW,45,540,,0
1,phase5c-timing-v1,phase5c-timing-v1,d8:C:0|X:1.0|Y:1.1|Z:1.1,8,BFS,4,SOLVED,8,U_CW F_CW U_CCW F_CCW D_CW R_CW L_CW B_CW,41380,496560,,433
1,phase5c-timing-v1,phase5c-timing-v1,d8:C:0|X:1.0|Y:0.2|Z:1.0,8,BIDIRECTIONAL_BFS,0,SOLVED,8,F_CW R_CW L_CW B_CW D_CW B_CW F_CW U_CCW,1892,22704,,21
1,phase5c-timing-v1,phase5c-timing-v1,d8:C:0|X:1.0|Y:0.2|Z:1.0,8,IDA_STAR,0,SOLVED,8,U_CW F_CW U_CW B_CCW D_CW R_CW L_CW F_CW,44,528,,0
1,phase5c-timing-v1,phase5c-timing-v1,d8:C:0|X:1.0|Y:0.2|Z:1.0,8,BFS,0,SOLVED,8,U_CW F_CW U_CW B_CCW D_CW R_CW L_CW F_CW,41356,496272,,431
1,phase5c-timing-v1,phase5c-timing-v1,d8:C:0|X:1.0|Y:0.2|Z:1.0,8,IDA_STAR,1,SOLVED,8,U_CW F_CW U_CW B_CCW D_CW R_CW L_CW F_CW,44,528,,0
1,phase5c-timing-v1,phase5c-timing-v1,d8:C:0|X:1.0|Y:0.2|Z:1.0,8,BFS,1,SOLVED,8,U_CW F_CW U_CW B_CCW D_CW R_CW L_CW F_CW,41356,496272,,443
1,phase5c-timing-v1,phase5c-timing-v1,d8:C:0|X:1.0|Y:0.2|Z:1.0,8,BIDIRECTIONAL_BFS,1,SOLVED,8,F_CW R_CW L_CW B_CW D_CW B_CW F_CW U_CCW,1892,22704,,24
1,phase5c-timing-v1,phase5c-timing-v1,d8:C:0|X:1.0|Y:0.2|Z:1.0,8,BFS,2,SOLVED,8,U_CW F_CW U_CW B_CCW D_CW R_CW L_CW F_CW,41356,496272,,443
1,phase5c-timing-v1,phase5c-timing-v1,d8:C:0|X:1.0|Y:0.2|Z:1.0,8,BIDIRECTIONAL_BFS,2,SOLVED,8,F_CW R_CW L_CW B_CW D_CW B_CW F_CW U_CCW,1892,22704,,21
1,phase5c-timing-v1,phase5c-timing-v1,d8:C:0|X:1.0|Y:0.2|Z:1.0,8,IDA_STAR,2,SOLVED,8,U_CW F_CW U_CW B_CCW D_CW R_CW L_CW F_CW,44,528,,1
1,phase5c-timing-v1,phase5c-timing-v1,d8:C:0|X:1.0|Y:0.2|Z:1.0,8,BIDIRECTIONAL_BFS,3,SOLVED,8,F_CW R_CW L_CW B_CW D_CW B_CW F_CW U_CCW,1892,22704,,20
1,phase5c-timing-v1,phase5c-timing-v1,d8:C:0|X:1.0|Y:0.2|Z:1.0,8,IDA_STAR,3,SOLVED,8,U_CW F_CW U_CW B_CCW D_CW R_CW L_CW F_CW,44,528,,0
1,phase5c-timing-v1,phase5c-timing-v1,d8:C:0|X:1.0|Y:0.2|Z:1.0,8,BFS,3,SOLVED,8,U_CW F_CW U_CW B_CCW D_CW R_CW L_CW F_CW,41356,496272,,436
1,phase5c-timing-v1,phase5c-timing-v1,d8:C:0|X:1.0|Y:0.2|Z:1.0,8,IDA_STAR,4,SOLVED,8,U_CW F_CW U_CW B_CCW D_CW R_CW L_CW F_CW,44,528,,0
1,phase5c-timing-v1,phase5c-timing-v1,d8:C:0|X:1.0|Y:0.2|Z:1.0,8,BFS,4,SOLVED,8,U_CW F_CW U_CW B_CCW D_CW R_CW L_CW F_CW,41356,496272,,435
1,phase5c-timing-v1,phase5c-timing-v1,d8:C:0|X:1.0|Y:0.2|Z:1.0,8,BIDIRECTIONAL_BFS,4,SOLVED,8,F_CW R_CW L_CW B_CW D_CW B_CW F_CW U_CCW,1892,22704,,20
1,phase5c-timing-v1,phase5c-timing-v1,d8:C:0|X:1.1|Y:1.0|Z:3.2,8,IDA_STAR,0,SOLVED,8,U_CW F_CW D_CCW F_CCW U_CW R_CW R_CW B_CCW,52,624,,1
1,phase5c-timing-v1,phase5c-timing-v1,d8:C:0|X:1.1|Y:1.0|Z:3.2,8,BFS,0,SOLVED,8,U_CW F_CW D_CCW F_CCW U_CW R_CW R_CW B_CCW,41450,497400,,436
1,phase5c-timing-v1,phase5c-timing-v1,d8:C:0|X:1.1|Y:1.0|Z:3.2,8,BIDIRECTIONAL_BFS,0,SOLVED,8,U_CCW B_CW R_CCW D_CW R_CW F_CCW D_CW R_CCW,1892,22704,,22
1,phase5c-timing-v1,phase5c-timing-v1,d8:C:0|X:1.1|Y:1.0|Z:3.2,8,BFS,1,SOLVED,8,U_CW F_CW D_CCW F_CCW U_CW R_CW R_CW B_CCW,41450,497400,,448
1,phase5c-timing-v1,phase5c-timing-v1,d8:C:0|X:1.1|Y:1.0|Z:3.2,8,BIDIRECTIONAL_BFS,1,SOLVED,8,U_CCW B_CW R_CCW D_CW R_CW F_CCW D_CW R_CCW,1892,22704,,20
1,phase5c-timing-v1,phase5c-timing-v1,d8:C:0|X:1.1|Y:1.0|Z:3.2,8,IDA_STAR,1,SOLVED,8,U_CW F_CW D_CCW F_CCW U_CW R_CW R_CW B_CCW,52,624,,0
1,phase5c-timing-v1,phase5c-timing-v1,d8:C:0|X:1.1|Y:1.0|Z:3.2,8,BIDIRECTIONAL_BFS,2,SOLVED,8,U_CCW B_CW R_CCW D_CW R_CW F_CCW D_CW R_CCW,1892,22704,,21
1,phase5c-timing-v1,phase5c-timing-v1,d8:C:0|X:1.1|Y:1.0|Z:3.2,8,IDA_STAR,2,SOLVED,8,U_CW F_CW D_CCW F_CCW U_CW R_CW R_CW B_CCW,52,624,,0
1,phase5c-timing-v1,phase5c-timing-v1,d8:C:0|X:1.1|Y:1.0|Z:3.2,8,BFS,2,SOLVED,8,U_CW F_CW D_CCW F_CCW U_CW R_CW R_CW B_CCW,41450,497400,,434
1,phase5c-timing-v1,phase5c-timing-v1,d8:C:0|X:1.1|Y:1.0|Z:3.2,8,IDA_STAR,3,SOLVED,8,U_CW F_CW D_CCW F_CCW U_CW R_CW R_CW B_CCW,52,624,,0
1,phase5c-timing-v1,phase5c-timing-v1,d8:C:0|X:1.1|Y:1.0|Z:3.2,8,BFS,3,SOLVED,8,U_CW F_CW D_CCW F_CCW U_CW R_CW R_CW B_CCW,41450,497400,,434
1,phase5c-timing-v1,phase5c-timing-v1,d8:C:0|X:1.1|Y:1.0|Z:3.2,8,BIDIRECTIONAL_BFS,3,SOLVED,8,U_CCW B_CW R_CCW D_CW R_CW F_CCW D_CW R_CCW,1892,22704,,20
1,phase5c-timing-v1,phase5c-timing-v1,d8:C:0|X:1.1|Y:1.0|Z:3.2,8,BFS,4,SOLVED,8,U_CW F_CW D_CCW F_CCW U_CW R_CW R_CW B_CCW,41450,497400,,434
1,phase5c-timing-v1,phase5c-timing-v1,d8:C:0|X:1.1|Y:1.0|Z:3.2,8,BIDIRECTIONAL_BFS,4,SOLVED,8,U_CCW B_CW R_CCW D_CW R_CW F_CCW D_CW R_CCW,1892,22704,,20
1,phase5c-timing-v1,phase5c-timing-v1,d8:C:0|X:1.1|Y:1.0|Z:3.2,8,IDA_STAR,4,SOLVED,8,U_CW F_CW D_CCW F_CCW U_CW R_CW R_CW B_CCW,52,624,,1
1,phase5c-timing-v1,phase5c-timing-v1,d8:C:0|X:1.2|Y:3.0|Z:3.0,8,BFS,0,SOLVED,8,U_CW F_CW U_CW D_CW R_CCW R_CCW B_CW D_CW,41309,495708,,430
1,phase5c-timing-v1,phase5c-timing-v1,d8:C:0|X:1.2|Y:3.0|Z:3.0,8,BIDIRECTIONAL_BFS,0,SOLVED,8,R_CW F_CW D_CCW R_CW F_CW R_CCW D_CW F_CW,1892,22704,,21
1,phase5c-timing-v1,phase5c-timing-v1,d8:C:0|X:1.2|Y:3.0|Z:3.0,8,IDA_STAR,0,SOLVED,8,U_CW F_CW U_CW D_CW R_CCW R_CCW B_CW D_CW,49,588,,0
1,phase5c-timing-v1,phase5c-timing-v1,d8:C:0|X:1.2|Y:3.0|Z:3.0,8,BIDIRECTIONAL_BFS,1,SOLVED,8,R_CW F_CW D_CCW R_CW F_CW R_CCW D_CW F_CW,1892,22704,,21
1,phase5c-timing-v1,phase5c-timing-v1,d8:C:0|X:1.2|Y:3.0|Z:3.0,8,IDA_STAR,1,SOLVED,8,U_CW F_CW U_CW D_CW R_CCW R_CCW B_CW D_CW,49,588,,2
1,phase5c-timing-v1,phase5c-timing-v1,d8:C:0|X:1.2|Y:3.0|Z:3.0,8,BFS,1,SOLVED,8,U_CW F_CW U_CW D_CW R_CCW R_CCW B_CW D_CW,41309,495708,,429
1,phase5c-timing-v1,phase5c-timing-v1,d8:C:0|X:1.2|Y:3.0|Z:3.0,8,IDA_STAR,2,SOLVED,8,U_CW F_CW U_CW D_CW R_CCW R_CCW B_CW D_CW,49,588,,1
1,phase5c-timing-v1,phase5c-timing-v1,d8:C:0|X:1.2|Y:3.0|Z:3.0,8,BFS,2,SOLVED,8,U_CW F_CW U_CW D_CW R_CCW R_CCW B_CW D_CW,41309,495708,,430
1,phase5c-timing-v1,phase5c-timing-v1,d8:C:0|X:1.2|Y:3.0|Z:3.0,8,BIDIRECTIONAL_BFS,2,SOLVED,8,R_CW F_CW D_CCW R_CW F_CW R_CCW D_CW F_CW,1892,22704,,21
1,phase5c-timing-v1,phase5c-timing-v1,d8:C:0|X:1.2|Y:3.0|Z:3.0,8,BFS,3,SOLVED,8,U_CW F_CW U_CW D_CW R_CCW R_CCW B_CW D_CW,41309,495708,,434
1,phase5c-timing-v1,phase5c-timing-v1,d8:C:0|X:1.2|Y:3.0|Z:3.0,8,BIDIRECTIONAL_BFS,3,SOLVED,8,R_CW F_CW D_CCW R_CW F_CW R_CCW D_CW F_CW,1892,22704,,25
1,phase5c-timing-v1,phase5c-timing-v1,d8:C:0|X:1.2|Y:3.0|Z:3.0,8,IDA_STAR,3,SOLVED,8,U_CW F_CW U_CW D_CW R_CCW R_CCW B_CW D_CW,49,588,,0
1,phase5c-timing-v1,phase5c-timing-v1,d8:C:0|X:1.2|Y:3.0|Z:3.0,8,BIDIRECTIONAL_BFS,4,SOLVED,8,R_CW F_CW D_CCW R_CW F_CW R_CCW D_CW F_CW,1892,22704,,21
1,phase5c-timing-v1,phase5c-timing-v1,d8:C:0|X:1.2|Y:3.0|Z:3.0,8,IDA_STAR,4,SOLVED,8,U_CW F_CW U_CW D_CW R_CCW R_CCW B_CW D_CW,49,588,,0
1,phase5c-timing-v1,phase5c-timing-v1,d8:C:0|X:1.2|Y:3.0|Z:3.0,8,BFS,4,SOLVED,8,U_CW F_CW U_CW D_CW R_CCW R_CCW B_CW D_CW,41309,495708,,429
1,phase5c-timing-v1,phase5c-timing-v1,d8:C:0|X:1.0|Y:1.0|Z:1.2,8,BIDIRECTIONAL_BFS,0,SOLVED,8,L_CW B_CW U_CW L_CW D_CCW F_CCW L_CW D_CCW,1892,22704,,21
1,phase5c-timing-v1,phase5c-timing-v1,d8:C:0|X:1.0|Y:1.0|Z:1.2,8,IDA_STAR,0,SOLVED,8,U_CW F_CW D_CCW F_CCW U_CW R_CW L_CW F_CW,47,564,,0
1,phase5c-timing-v1,phase5c-timing-v1,d8:C:0|X:1.0|Y:1.0|Z:1.2,8,BFS,0,SOLVED,8,U_CW F_CW D_CCW F_CCW U_CW R_CW L_CW F_CW,41451,497412,,433
1,phase5c-timing-v1,phase5c-timing-v1,d8:C:0|X:1.0|Y:1.0|Z:1.2,8,IDA_STAR,1,SOLVED,8,U_CW F_CW D_CCW F_CCW U_CW R_CW L_CW F_CW,47,564,,0
1,phase5c-timing-v1,phase5c-timing-v1,d8:C:0|X:1.0|Y:1.0|Z:1.2,8,BFS,1,SOLVED,8,U_CW F_CW D_CCW F_CCW U_CW R_CW L_CW F_CW,41451,497412,,437
1,phase5c-timing-v1,phase5c-timing-v1,d8:C:0|X:1.0|Y:1.0|Z:1.2,8,BIDIRECTIONAL_BFS,1,SOLVED,8,L_CW B_CW U_CW L_CW D_CCW F_CCW L_CW D_CCW,1892,22704,,20
1,phase5c-timing-v1,phase5c-timing-v1,d8:C:0|X:1.0|Y:1.0|Z:1.2,8,BFS,2,SOLVED,8,U_CW F_CW D_CCW F_CCW U_CW R_CW L_CW F_CW,41451,497412,,461
1,phase5c-timing-v1,phase5c-timing-v1,d8:C:0|X:1.0|Y:1.0|Z:1.2,8,BIDIRECTIONAL_BFS,2,SOLVED,8,L_CW B_CW U_CW L_CW D_CCW F_CCW L_CW D_CCW,1892,22704,,20
1,phase5c-timing-v1,phase5c-timing-v1,d8:C:0|X:1.0|Y:1.0|Z:1.2,8,IDA_STAR,2,SOLVED,8,U_CW F_CW D_CCW F_CCW U_CW R_CW L_CW F_CW,47,564,,1
1,phase5c-timing-v1,phase5c-timing-v1,d8:C:0|X:1.0|Y:1.0|Z:1.2,8,BIDIRECTIONAL_BFS,3,SOLVED,8,L_CW B_CW U_CW L_CW D_CCW F_CCW L_CW D_CCW,1892,22704,,20
1,phase5c-timing-v1,phase5c-timing-v1,d8:C:0|X:1.0|Y:1.0|Z:1.2,8,IDA_STAR,3,SOLVED,8,U_CW F_CW D_CCW F_CCW U_CW R_CW L_CW F_CW,47,564,,1
1,phase5c-timing-v1,phase5c-timing-v1,d8:C:0|X:1.0|Y:1.0|Z:1.2,8,BFS,3,SOLVED,8,U_CW F_CW D_CCW F_CCW U_CW R_CW L_CW F_CW,41451,497412,,440
1,phase5c-timing-v1,phase5c-timing-v1,d8:C:0|X:1.0|Y:1.0|Z:1.2,8,IDA_STAR,4,SOLVED,8,U_CW F_CW D_CCW F_CCW U_CW R_CW L_CW F_CW,47,564,,1
1,phase5c-timing-v1,phase5c-timing-v1,d8:C:0|X:1.0|Y:1.0|Z:1.2,8,BFS,4,SOLVED,8,U_CW F_CW D_CCW F_CCW U_CW R_CW L_CW F_CW,41451,497412,,438
1,phase5c-timing-v1,phase5c-timing-v1,d8:C:0|X:1.0|Y:1.0|Z:1.2,8,BIDIRECTIONAL_BFS,4,SOLVED,8,L_CW B_CW U_CW L_CW D_CCW F_CCW L_CW D_CCW,1892,22704,,20
1,phase5c-timing-v1,phase5c-timing-v1,d8:C:0|X:3.0|Y:3.1|Z:1.2,8,IDA_STAR,0,SOLVED,8,U_CW F_CW D_CW F_CCW R_CW L_CW U_CCW F_CW,51,612,,0
1,phase5c-timing-v1,phase5c-timing-v1,d8:C:0|X:3.0|Y:3.1|Z:1.2,8,BFS,0,SOLVED,8,U_CW F_CW D_CW F_CCW R_CW L_CW U_CCW F_CW,41436,497232,,454
1,phase5c-timing-v1,phase5c-timing-v1,d8:C:0|X:3.0|Y:3.1|Z:1.2,8,BIDIRECTIONAL_BFS,0,SOLVED,8,R_CCW B_CW D_CCW R_CW R_CW D_CCW B_CW R_CCW,1892,22704,,22
1,phase5c-timing-v1,phase5c-timing-v1,d8:C:0|X:3.0|Y:3.1|Z:1.2,8,BFS,1,SOLVED,8,U_CW F_CW D_CW F_CCW R_CW L_CW U_CCW F_CW,41436,497232,,448
1,phase5c-timing-v1,phase5c-timing-v1,d8:C:0|X:3.0|Y:3.1|Z:1.2,8,BIDIRECTIONAL_BFS,1,SOLVED,8,R_CCW B_CW D_CCW R_CW R_CW D_CCW B_CW R_CCW,1892,22704,,20
1,phase5c-timing-v1,phase5c-timing-v1,d8:C:0|X:3.0|Y:3.1|Z:1.2,8,IDA_STAR,1,SOLVED,8,U_CW F_CW D_CW F_CCW R_CW L_CW U_CCW F_CW,51,612,,1
1,phase5c-timing-v1,phase5c-timing-v1,d8:C:0|X:3.0|Y:3.1|Z:1.2,8,BIDIRECTIONAL_BFS,2,SOLVED,8,R_CCW B_CW D_CCW R_CW R_CW D_CCW B_CW R_CCW,1892,22704,,21
1,phase5c-timing-v1,phase5c-timing-v1,d8:C:0|X:3.0|Y:3.1|Z:1.2,8,IDA_STAR,2,SOLVED,8,U_CW F_CW D_CW F_CCW R_CW L_CW U_CCW F_CW,51,612,,0
1,phase5c-timing-v1,phase5c-timing-v1,d8:C:0|X:3.0|Y:3.1|Z:1.2,8,BFS,2,SOLVED,8,U_CW F_CW D_CW F_CCW R_CW L_CW U_CCW F_CW,41436,497232,,437
1,phase5c-timing-v1,phase5c-timing-v1,d8:C:0|X:3.0|Y:3.1|Z:1.2,8,IDA_STAR,3,SOLVED,8,U_CW F_CW D_CW F_CCW R_CW L_CW U_CCW F_CW,51,612,,1
1,phase5c-timing-v1,phase5c-timing-v1,d8:C:0|X:3.0|Y:3.1|Z:1.2,8,BFS,3,SOLVED,8,U_CW F_CW D_CW F_CCW R_CW L_CW U_CCW F_CW,41436,497232,,435
1,phase5c-timing-v1,phase5c-timing-v1,d8:C:0|X:3.0|Y:3.1|Z:1.2,8,BIDIRECTIONAL_BFS,3,SOLVED,8,R_CCW B_CW D_CCW R_CW R_CW D_CCW B_CW R_CCW,1892,22704,,20
1,phase5c-timing-v1,phase5c-timing-v1,d8:C:0|X:3.0|Y:3.1|Z:1.2,8,BFS,4,SOLVED,8,U_CW F_CW D_CW F_CCW R_CW L_CW U_CCW F_CW,41436,497232,,432
1,phase5c-timing-v1,phase5c-timing-v1,d8:C:0|X:3.0|Y:3.1|Z:1.2,8,BIDIRECTIONAL_BFS,4,SOLVED,8,R_CCW B_CW D_CCW R_CW R_CW D_CCW B_CW R_CCW,1892,22704,,21
1,phase5c-timing-v1,phase5c-timing-v1,d8:C:0|X:3.0|Y:3.1|Z:1.2,8,IDA_STAR,4,SOLVED,8,U_CW F_CW D_CW F_CCW R_CW L_CW U_CCW F_CW,51,612,,1
1,phase5c-timing-v1,phase5c-timing-v1,d8:C:0|X:1.0|Y:1.2|Z:3.1,8,BFS,0,SOLVED,8,U_CW F_CW U_CW U_CW R_CW L_CW F_CW D_CCW,41273,495276,,437
1,phase5c-timing-v1,phase5c-timing-v1,d8:C:0|X:1.0|Y:1.2|Z:3.1,8,BIDIRECTIONAL_BFS,0,SOLVED,8,R_CCW D_CW B_CCW R_CW R_CW B_CCW D_CW R_CCW,1892,22704,,20
1,phase5c-timing-v1,phase5c-timing-v1,d8:C:0|X:1.0|Y:1.2|Z:3.1,8,IDA_STAR,0,SOLVED,8,U_CW F_CW U_CW U_CW R_CW L_CW F_CW D_CCW,49,588,,1
1,phase5c-timing-v1,phase5c-timing-v1,d8:C:0|X:1.0|Y:1.2|Z:3.1,8,BIDIRECTIONAL_BFS,1,SOLVED,8,R_CCW D_CW B_CCW R_CW R_CW B_CCW D_CW R_CCW,1892,22704,,20
1,phase5c-timing-v1,phase5c-timing-v1,d8:C:0|X:1.0|Y:1.2|Z:3.1,8,IDA_STAR,1,SOLVED,8,U_CW F_CW U_CW U_CW R_CW L_CW F_CW D_CCW,49,588,,1
1,phase5c-timing-v1,phase5c-timing-v1,d8:C:0|X:1.0|Y:1.2|Z:3.1,8,BFS,1,SOLVED,8,U_CW F_CW U_CW U_CW R_CW L_CW F_CW D_CCW,41273,495276,,432
1,phase5c-timing-v1,phase5c-timing-v1,d8:C:0|X:1.0|Y:1.2|Z:3.1,8,IDA_STAR,2,SOLVED,8,U_CW F_CW U_CW U_CW R_CW L_CW F_CW D_CCW,49,588,,1
1,phase5c-timing-v1,phase5c-timing-v1,d8:C:0|X:1.0|Y:1.2|Z:3.1,8,BFS,2,SOLVED,8,U_CW F_CW U_CW U_CW R_CW L_CW F_CW D_CCW,41273,495276,,431
1,phase5c-timing-v1,phase5c-timing-v1,d8:C:0|X:1.0|Y:1.2|Z:3.1,8,BIDIRECTIONAL_BFS,2,SOLVED,8,R_CCW D_CW B_CCW R_CW R_CW B_CCW D_CW R_CCW,1892,22704,,21
1,phase5c-timing-v1,phase5c-timing-v1,d8:C:0|X:1.0|Y:1.2|Z:3.1,8,BFS,3,SOLVED,8,U_CW F_CW U_CW U_CW R_CW L_CW F_CW D_CCW,41273,495276,,432
1,phase5c-timing-v1,phase5c-timing-v1,d8:C:0|X:1.0|Y:1.2|Z:3.1,8,BIDIRECTIONAL_BFS,3,SOLVED,8,R_CCW D_CW B_CCW R_CW R_CW B_CCW D_CW R_CCW,1892,22704,,20
1,phase5c-timing-v1,phase5c-timing-v1,d8:C:0|X:1.0|Y:1.2|Z:3.1,8,IDA_STAR,3,SOLVED,8,U_CW F_CW U_CW U_CW R_CW L_CW F_CW D_CCW,49,588,,0
1,phase5c-timing-v1,phase5c-timing-v1,d8:C:0|X:1.0|Y:1.2|Z:3.1,8,BIDIRECTIONAL_BFS,4,SOLVED,8,R_CCW D_CW B_CCW R_CW R_CW B_CCW D_CW R_CCW,1892,22704,,21
1,phase5c-timing-v1,phase5c-timing-v1,d8:C:0|X:1.0|Y:1.2|Z:3.1,8,IDA_STAR,4,SOLVED,8,U_CW F_CW U_CW U_CW R_CW L_CW F_CW D_CCW,49,588,,0
1,phase5c-timing-v1,phase5c-timing-v1,d8:C:0|X:1.0|Y:1.2|Z:3.1,8,BFS,4,SOLVED,8,U_CW F_CW U_CW U_CW R_CW L_CW F_CW D_CCW,41273,495276,,431
